"gu","dong","car","Hyd_car","lat","lng","r1","r2","r3","r4","r1_from","r2_from","r3_from","r4_from"
"종로구","청운동",764,0,37.5890286,126.9685157,0.078919795,0.090114955,0.136906265,0.246740241,"여의도","상암","양재","하남"
"종로구","신교동",360,0,37.584442,126.9676997,0.075030707,0.08859063,0.133303683,0.246503657,"여의도","상암","양재","하남"
"종로구","궁정동",48,0,37.5849071,126.9724095,0.078719934,0.093320727,0.131430699,0.242009558,"여의도","상암","양재","하남"
"종로구","효자동",208,0,37.5827038,126.9718981,0.076846194,0.092550546,0.129734126,0.242030429,"여의도","상암","양재","하남"
"종로구","창성동",138,0,37.580573,126.9723675,0.075779654,0.092813049,0.127640772,0.241127034,"여의도","상암","양재","하남"
"종로구","통의동",155,0,37.5779984,126.9727225,0.074391516,0.092985586,0.125219362,0.240265513,"여의도","상암","양재","하남"
"종로구","적선동",190,0,37.5752845,126.9739369,0.073668626,0.094085449,0.122258967,0.238558757,"여의도","상암","양재","하남"
"종로구","통인동",214,0,37.5798178,126.9700651,0.073552045,0.090456819,0.128116064,0.243229356,"여의도","상암","양재","하남"
"종로구","누상동",827,0,37.5802364,126.9623723,0.068303035,0.082826691,0.132482612,0.25085341,"여의도","상암","양재","하남"
"종로구","누하동",213,0,37.5793623,126.9680055,0.071718668,0.088368362,0.128767224,0.245158074,"여의도","상암","양재","하남"
"종로구","옥인동",650,0,37.5835524,126.9641935,0.071964589,0.084998651,0.134324856,0.249740672,"여의도","상암","양재","하남"
"종로구","체부동",170,1,37.5778624,126.9710381,0.073008121,0.091296197,0.125936218,0.241891727,"여의도","상암","양재","하남"
"종로구","필운동",323,0,37.5768799,126.967704,0.069837546,0.087915763,0.12680123,0.244979373,"여의도","상암","양재","하남"
"종로구","내자동",3159,0,37.575276,126.971827,0.071990904,0.091976106,0.123304098,0.240631185,"여의도","상암","양재","하남"
"종로구","사직동",1031,0,37.5753838,126.9658263,0.067439343,0.08598111,0.12653294,0.246552371,"여의도","상암","양재","하남"
"종로구","도렴동",109,0,37.5727248,126.9746762,0.072758542,0.094790201,0.1196686,0.237371745,"여의도","상암","양재","하남"
"종로구","당주동",341,0,37.5715788,126.9738252,0.071404745,0.093946315,0.119104015,0.238012921,"여의도","상암","양재","하남"
"종로구","내수동",1189,0,37.5733668,126.9721015,0.07104953,0.092217664,0.121520023,0.240019071,"여의도","상암","양재","하남"
"종로구","세종로",389,3,37.5794898,126.9770085,0.078668499,0.097357112,0.124497413,0.236362627,"여의도","상암","양재","하남"
"종로구","신문로1가",996,0,37.5703732,126.9740722,0.070929715,0.094215807,0.11793998,0.237568051,"여의도","상암","양재","하남"
"종로구","신문로2가",402,0,37.5710316,126.9692509,0.06736857,0.089381133,0.121021858,0.242432002,"여의도","상암","양재","하남"
"종로구","청진동",224,0,37.5715373,126.9802938,0.076786786,0.100414943,0.115926317,0.23163316,"여의도","상암","양재","하남"
"종로구","서린동",272,2,37.569505,126.9803078,0.075742603,0.100473732,0.114123759,0.231274663,"여의도","상암","양재","하남"
"종로구","수송동",763,0,37.5738606,126.9805797,0.078280399,0.100699991,0.117858647,0.231767348,"여의도","상암","양재","하남"
"종로구","중학동",51,0,37.575195,126.9799523,0.078502089,0.100096533,0.11933243,0.232632387,"여의도","상암","양재","하남"
"종로구","종로1가",269,0,37.5706982,126.980334,0.076380208,0.100468648,0.115165064,0.231449131,"여의도","상암","양재","하남"
"종로구","공평동",70,1,37.5713261,126.9832335,0.079187998,0.103357103,0.114401513,0.228701715,"여의도","상암","양재","하남"
"종로구","관훈동",200,0,37.5741579,126.9847959,0.081993749,0.104919549,0.116272935,0.227680111,"여의도","상암","양재","하남"
"종로구","견지동",206,0,37.5737344,126.9830947,0.080327032,0.103213539,0.116623944,0.229272245,"여의도","상암","양재","하남"
"종로구","와룡동",80,0,37.5809142,126.9927443,0.092323622,0.113154298,0.119443204,0.221296389,"여의도","상암","양재","하남"
"종로구","권농동",68,0,37.576109,126.9917564,0.0889586,0.111921268,0.11530709,0.221235373,"여의도","상암","양재","하남"
"종로구","운니동",198,0,37.576392,126.9883159,0.086162691,0.108491552,0.116875627,0.224662207,"여의도","상암","양재","하남"
"종로구","익선동",308,0,37.574232,126.9897103,0.086244361,0.109834502,0.114342734,0.222869909,"여의도","상암","양재","하남"
"종로구","경운동",208,0,37.5752459,126.9864008,0.083931176,0.106544391,0.116592918,0.226313076,"여의도","상암","양재","하남"
"종로구","관철동",137,0,37.5691978,126.9859065,0.080462815,0.10607949,0.111315648,0.225703092,"여의도","상암","양재","하남"
"종로구","인사동",267,0,37.5720605,126.9859554,0.081906783,0.106071545,0.113881831,0.22615373,"여의도","상암","양재","하남"
"종로구","낙원동",319,0,37.5725546,126.9886246,0.084467564,0.10873875,0.113230904,0.223619544,"여의도","상암","양재","하남"
"종로구","종로2가",128,0,37.5707645,126.9863062,0.081568881,0.106438442,0.11255934,0.225578149,"여의도","상암","양재","하남"
"종로구","팔판동",86,0,37.5827295,126.9805795,0.083478689,0.101188295,0.125823852,0.233560318,"여의도","상암","양재","하남"
"종로구","삼청동",437,0,37.5898785,126.9813798,0.088692716,0.102931487,0.132006215,0.23446402,"여의도","상암","양재","하남"
"종로구","안국동",138,0,37.5774765,126.9838446,0.083003457,0.104066673,0.119682886,0.229260275,"여의도","상암","양재","하남"
"종로구","소격동",60,0,37.5797855,126.981012,0.082029874,0.101371482,0.122978738,0.232506309,"여의도","상암","양재","하남"
"종로구","화동",51,0,37.5806863,126.9826101,0.083850287,0.103031373,0.12311452,0.231134574,"여의도","상암","양재","하남"
"종로구","사간동",57,0,37.5772363,126.9805779,0.080181705,0.100792462,0.12087631,0.232413222,"여의도","상암","양재","하남"
"종로구","송현동",2,0,37.5770464,126.9819269,0.081178112,0.102131941,0.120113684,0.231053328,"여의도","상암","양재","하남"
"종로구","가회동",287,0,37.5828064,126.9848647,0.0869241,0.105460706,0.124131273,0.229399656,"여의도","상암","양재","하남"
"종로구","재동",227,0,37.5781586,126.9852528,0.084552069,0.105506294,0.119720419,0.22802046,"여의도","상암","양재","하남"
"종로구","계동",364,2,37.5829045,126.9868772,0.088603899,0.107473418,0.123437005,0.227461313,"여의도","상암","양재","하남"
"종로구","원서동",447,1,37.5841834,126.9880867,0.090334422,0.108804675,0.12416588,0.226578844,"여의도","상암","양재","하남"
"종로구","훈정동",1,0,37.5742191,126.9940707,0.090034543,0.112708386,0.114194344,0.218590395,"여의도","양재","상암","하남"
"종로구","묘동",69,0,37.5725522,126.9918438,0.087281143,0.111957949,0.111973753,0.22045605,"여의도","상암","양재","하남"
"종로구","봉익동",103,0,37.572373,126.9930161,0.088228626,0.111369762,0.113130679,0.219270936,"여의도","양재","상암","하남"
"종로구","돈의동",189,0,37.5720312,126.9906468,0.0859807,0.110763036,0.11195098,0.221535517,"여의도","상암","양재","하남"
"종로구","장사동",338,0,37.5692358,126.9942544,0.087910284,0.107997024,0.114421918,0.217485097,"여의도","양재","상암","하남"
"종로구","관수동",154,0,37.5690609,126.9904495,0.084423549,0.109298685,0.11062453,0.2212026,"여의도","양재","상암","하남"
"종로구","종로3가",69,0,37.5703825,126.9923929,0.086755032,0.109757793,0.112531492,0.219519685,"여의도","양재","상암","하남"
"종로구","인의동",441,0,37.5726289,126.9980205,0.092790022,0.109862666,0.118134548,0.214406549,"여의도","양재","상암","하남"
"종로구","예지동",78,0,37.5695052,126.9984621,0.091827887,0.106769109,0.118620079,0.213391404,"여의도","양재","상암","하남"
"종로구","원남동",264,0,37.575484,126.9976454,0.093778778,0.112683943,0.117791482,0.215342723,"여의도","양재","상암","하남"
"종로구","연지동",429,0,37.5737459,127.0001194,0.095167056,0.110252779,0.12023765,0.21256788,"여의도","양재","상암","하남"
"종로구","종로4가",51,0,37.5706899,126.9979792,0.091896862,0.108047084,0.118110907,0.214081512,"여의도","양재","상암","하남"
"종로구","효제동",226,0,37.5733424,127.0034706,0.097995312,0.108878286,0.123586093,0.209203826,"여의도","양재","상암","하남"
"종로구","종로5가",112,0,37.5707296,127.0033502,0.096782254,0.106408525,0.123480486,0.208812222,"여의도","양재","상암","하남"
"종로구","종로6가",490,0,37.5722418,127.0072739,0.100980859,0.10680346,0.127388855,0.205257122,"여의도","양재","상암","하남"
"종로구","이화동",436,0,37.5773254,127.0054705,0.101559862,0.112178165,0.125668367,0.208090434,"여의도","양재","상암","하남"
"종로구","연건동",369,0,37.5784882,126.9996742,0.097006641,0.114905839,0.119926278,0.214000391,"여의도","양재","상암","하남"
"종로구","충신동",668,0,37.574766,127.0059174,0.100817565,0.109589751,0.126047764,0.207101961,"여의도","양재","상암","하남"
"종로구","동숭동",918,0,37.58161,127.0051704,0.103327507,0.116400026,0.125598354,0.209371879,"여의도","양재","상암","하남"
"종로구","혜화동",836,0,37.587822,127.0023228,0.104118931,0.123131134,0.123362829,0.213696531,"여의도","양재","상암","하남"
"종로구","명륜1가",948,0,37.5889535,126.9974079,0.100688276,0.118635731,0.125572925,0.218735737,"여의도","상암","양재","하남"
"종로구","명륜2가",738,0,37.5846181,126.9991752,0.099736282,0.119879612,0.120910962,0.215919565,"여의도","상암","양재","하남"
"종로구","명륜4가",182,0,37.5823905,126.999806,0.099092458,0.118596125,0.120308084,0.21476722,"여의도","양재","상암","하남"
"종로구","명륜3가",849,0,37.5873096,126.9930707,0.096203889,0.114119215,0.125354717,0.222502553,"여의도","상암","양재","하남"
"종로구","창신동",4429,0,37.5760033,127.0135246,0.108227302,0.109096867,0.133678559,0.199944084,"여의도","양재","상암","하남"
"종로구","숭인동",3753,0,37.5766752,127.0190652,0.108852696,0.113556349,0.139234963,0.194703531,"양재","여의도","상암","하남"
"종로구","교남동",262,0,37.5684349,126.9644739,0.06198964,0.084697129,0.121511899,0.246741019,"여의도","상암","양재","하남"
"종로구","평동",536,0,37.5676735,126.9668353,0.063440103,0.087096496,0.11954375,0.244292187,"여의도","상암","양재","하남"
"종로구","송월동",299,0,37.5701811,126.9653066,0.063716031,0.08545877,0.122476934,0.246187846,"여의도","상암","양재","하남"
"종로구","홍파동",532,0,37.5711594,126.9641514,0.063427288,0.084280129,0.123935975,0.24748441,"여의도","상암","양재","하남"
"종로구","교북동",296,0,37.5714262,126.9613042,0.061430026,0.081428719,0.125783033,0.250337457,"여의도","상암","양재","하남"
"종로구","행촌동",924,0,37.5744857,126.9626521,0.064477158,0.082784614,0.127529472,0.249518845,"여의도","상암","양재","하남"
"종로구","구기동",1954,0,37.6179518,126.9621624,0.093882719,0.098946274,0.165543706,0.261050259,"상암","여의도","양재","하남"
"종로구","평창동",4547,0,37.6139675,126.9743016,0.101986437,0.10302633,0.156948151,0.248276986,"여의도","상암","양재","하남"
"종로구","부암동",1439,0,37.5934957,126.9672852,0.081473354,0.089831102,0.141420622,0.249015359,"여의도","상암","양재","하남"
"종로구","홍지동",532,0,37.6005798,126.956785,0.081181916,0.081785018,0.152740697,0.260987136,"여의도","상암","양재","하남"
"종로구","신영동",1129,0,37.6030533,126.9618054,0.085933987,0.087349799,0.152433611,0.256830892,"여의도","상암","양재","하남"
"종로구","무악동",2796,0,37.5767914,126.9582275,0.062951404,0.078446447,0.131940206,0.254280403,"여의도","상암","양재","하남"
"중구","무교동",252,0,37.5680651,126.9788674,0.073771073,0.099091501,0.113550089,0.232463065,"여의도","상암","양재","하남"
"중구","다동",189,0,37.5678826,126.9811936,0.075699997,0.101423743,0.112275364,0.230137384,"여의도","상암","양재","하남"
"중구","태평로1가",973,0,37.5675677,126.9773826,0.072238642,0.097633437,0.113848599,0.233851525,"여의도","상암","양재","하남"
"중구","을지로1가",117,0,37.5659055,126.9805717,0.074204818,0.100917056,0.110834921,0.230445899,"여의도","상암","양재","하남"
"중구","을지로2가",1092,0,37.5657158,126.986263,0.079184447,0.106608327,0.108029434,0.224791746,"여의도","상암","양재","하남"
"중구","남대문로1가",18,0,37.5675948,126.9831121,0.077242295,0.103354,0.111127909,0.228197534,"여의도","상암","양재","하남"
"중구","삼각동",62,0,37.5679302,126.9847933,0.078882527,0.105017273,0.110666315,0.226591967,"여의도","상암","양재","하남"
"중구","수하동",187,0,37.5674173,126.984642,0.078509024,0.104890884,0.110275258,0.226658898,"여의도","상암","양재","하남"
"중구","장교동",158,0,37.5674834,126.9870578,0.080685183,0.107300392,0.109272113,0.224285023,"여의도","상암","양재","하남"
"중구","수표동",361,0,37.5674664,126.9894371,0.0828052,0.108252969,0.109677717,0.221934512,"여의도","양재","상암","하남"
"중구","소공동",629,1,37.5638976,126.9799891,0.072759001,0.100492439,0.10936856,0.230729353,"여의도","상암","양재","하남"
"중구","남창동",263,0,37.5580671,126.9775968,0.068106029,0.098805606,0.105603624,0.232353312,"여의도","상암","양재","하남"
"중구","북창동",255,0,37.5624854,126.9782509,0.070570854,0.098897461,0.109024387,0.23225616,"여의도","상암","양재","하남"
"중구","태평로2가",271,0,37.5632359,126.9764068,0.069274127,0.096987101,0.110620481,0.234184934,"여의도","상암","양재","하남"
"중구","남대문로2가",1469,0,37.5638636,126.9820397,0.074577181,0.102538189,0.108338282,0.228694702,"여의도","상암","양재","하남"
"중구","남대문로3가",45,0,37.5616684,126.9794385,0.071278137,0.100165712,0.107715845,0.230970427,"여의도","상암","양재","하남"
"중구","남대문로4가",163,0,37.5606911,126.9755026,0.067311082,0.096372142,0.108941665,0.234748136,"여의도","상암","양재","하남"
"중구","남대문로5가",1365,0,37.5563671,126.9763016,0.066248208,0.097795072,0.104880248,0.233450999,"여의도","상암","양재","하남"
"중구","봉래동1가",261,0,37.5589096,126.9729614,0.064245495,0.094096609,0.108851859,0.237055147,"여의도","상암","양재","하남"
"중구","봉래동2가",52,0,37.5567475,126.9713413,0.061856999,0.092842189,0.108004055,0.238423493,"여의도","상암","양재","하남"
"중구","회현동1가",1161,0,37.5571575,126.9816994,0.071547483,0.102682279,0.102998189,0.228173579,"여의도","양재","상암","하남"
"중구","회현동2가",1817,0,37.5585169,126.9827612,0.07303948,0.103321442,0.103853075,0.227277666,"여의도","양재","상암","하남"
"중구","회현동3가",49,0,37.560059,126.9840941,0.074862367,0.104014542,0.104976231,0.226145617,"여의도","양재","상암","하남"
"중구","충무로1가",183,0,37.5610267,126.9826398,0.073914473,0.103418701,0.10556561,0.227712614,"여의도","상암","양재","하남"
"중구","충무로2가",318,0,37.5617555,126.9877459,0.078886706,0.10382293,0.108417284,0.222749909,"여의도","양재","상암","하남"
"중구","명동1가",96,0,37.5644525,126.9844713,0.077020497,0.104912748,0.107712584,0.226373787,"여의도","상암","양재","하남"
"중구","명동2가",488,0,37.5630105,126.9852881,0.077144983,0.105849745,0.106056423,0.22535819,"여의도","상암","양재","하남"
"중구","남산동1가",92,0,37.5591789,126.9847188,0.075102144,0.102942528,0.105705647,0.225415336,"여의도","양재","상암","하남"
"중구","남산동2가",234,0,37.5583248,126.9858848,0.075870491,0.10163543,0.106973826,0.224153644,"여의도","양재","상암","하남"
"중구","남산동3가",91,0,37.5600001,126.9873836,0.077880369,0.102420316,0.108249303,0.222875684,"여의도","양재","상암","하남"
"중구","저동1가",80,0,37.5642498,126.9878913,0.08002782,0.10599681,0.108338098,0.222961227,"여의도","양재","상암","하남"
"중구","충무로4가",641,0,37.5623108,126.995975,0.086719286,0.100930606,0.11655608,0.214680832,"여의도","양재","상암","하남"
"중구","충무로5가",259,0,37.5625808,126.9995908,0.09019341,0.099873272,0.120134703,0.211143568,"여의도","양재","상암","하남"
"중구","인현동2가",202,0,37.5641432,126.9962711,0.087673847,0.102519652,0.116701802,0.214660867,"여의도","양재","상암","하남"
"중구","예관동",262,0,37.5640814,126.9980377,0.089287952,0.101822713,0.118468177,0.21290575,"여의도","양재","상암","하남"
"중구","묵정동",306,0,37.5614488,127.0005452,0.090699909,0.098482349,0.121185894,0.210034103,"여의도","양재","상암","하남"
"중구","필동1가",186,0,37.561147,126.9924128,0.082977719,0.101268798,0.113121892,0.218043648,"여의도","양재","상암","하남"
"중구","필동2가",529,0,37.5577913,126.9949767,0.084239238,0.097159552,0.116056811,0.215064585,"여의도","양재","상암","하남"
"중구","필동3가",428,0,37.5577553,126.9973738,0.086503003,0.096185315,0.118438906,0.212681508,"여의도","양재","상암","하남"
"중구","남학동",19,0,37.5605244,126.9909105,0.081351835,0.101333382,0.111693949,0.219447986,"여의도","양재","상암","하남"
"중구","주자동",28,0,37.5606513,126.989397,0.079991372,0.102102146,0.110175655,0.220964905,"여의도","양재","상암","하남"
"중구","예장동",383,0,37.5551793,126.9897761,0.078481025,0.09703898,0.111283587,0.219927065,"여의도","양재","상암","하남"
"중구","장충동1가",611,0,37.5610374,127.0076398,0.095898698,0.097280699,0.128288219,0.20295495,"양재","여의도","상암","하남"
"중구","장충동2가",797,1,37.55526,127.0003341,0.088603023,0.092765268,0.121709163,0.209444051,"여의도","양재","상암","하남"
"중구","광희동1가",241,0,37.5650378,127.0051836,0.096293499,0.100429776,0.125533802,0.206002836,"여의도","양재","상암","하남"
"중구","광희동2가",224,0,37.5639442,127.0083467,0.098508284,0.098886418,0.128761134,0.202704016,"양재","여의도","상암","하남"
"중구","쌍림동",300,0,37.5637681,127.0045496,0.095255279,0.099401456,0.124985673,0.206424549,"여의도","양재","상암","하남"
"중구","을지로6가",216,0,37.567505,127.0070795,0.098954644,0.102277039,0.127300979,0.204555497,"여의도","양재","상암","하남"
"중구","을지로7가",53,0,37.566416,127.0095181,0.100603021,0.10083534,0.12978602,0.20196355,"양재","여의도","상암","하남"
"중구","을지로4가",105,0,37.566393,126.9977069,0.089868859,0.104102727,0.117991463,0.21360058,"여의도","양재","상암","하남"
"중구","을지로5가",218,0,37.5668186,127.0021802,0.094156454,0.103027753,0.122437229,0.209261375,"여의도","양재","상암","하남"
"중구","주교동",167,0,37.5682735,126.998942,0.091754795,0.10544786,0.119139566,0.212701523,"여의도","양재","상암","하남"
"중구","방산동",38,0,37.5685483,127.0031304,0.095702795,0.104387445,0.123315492,0.208627221,"여의도","양재","상암","하남"
"중구","오장동",279,0,37.5644435,127.0010469,0.092219417,0.101137458,0.121444278,0.209989935,"여의도","양재","상암","하남"
"중구","을지로3가",393,0,37.5665987,126.9924032,0.085108551,0.106263939,0.112684402,0.218866915,"여의도","양재","상암","하남"
"중구","입정동",181,0,37.5677264,126.992771,0.085919978,0.107159483,0.112996059,0.218689142,"여의도","양재","상암","하남"
"중구","산림동",177,0,37.5676122,126.9961709,0.088956254,0.105787123,0.116397685,0.215318272,"여의도","양재","상암","하남"
"중구","충무로3가",240,1,37.5622482,126.9919612,0.08296732,0.102458264,0.112564752,0.218644327,"여의도","양재","상암","하남"
"중구","초동",146,0,37.564601,126.9923477,0.084238979,0.104451831,0.11275547,0.218608142,"여의도","양재","상암","하남"
"중구","인현동1가",117,0,37.5645365,126.9945521,0.086238471,0.103530138,0.114958818,0.21641986,"여의도","양재","상암","하남"
"중구","저동2가",238,0,37.5643088,126.9899006,0.081882547,0.105189374,0.110336816,0.220983053,"여의도","양재","상암","하남"
"중구","신당동",19799,0,37.556819,127.0154305,0.089914948,0.103579902,0.136475751,0.194653282,"양재","여의도","상암","하남"
"중구","흥인동",667,0,37.5676493,127.0160091,0.100427671,0.107350608,0.13621807,0.195800316,"양재","여의도","상암","하남"
"중구","무학동",104,0,37.5642292,127.0152228,0.09721553,0.105481757,0.135603828,0.195968744,"양재","여의도","상암","하남"
"중구","황학동",3303,0,37.5685914,127.0204705,0.100652569,0.111866728,0.140645551,0.191599728,"양재","여의도","상암","하남"
"중구","서소문동",1296,0,37.5629167,126.9739582,0.066965361,0.094583179,0.111648678,0.236567923,"여의도","상암","양재","하남"
"중구","정동",357,0,37.5661453,126.9733062,0.068009831,0.093652325,0.114725841,0.237666425,"여의도","상암","양재","하남"
"중구","순화동",1337,1,37.5623459,126.9708088,0.063934441,0.091514419,0.112904022,0.239614665,"여의도","상암","양재","하남"
"중구","의주로1가",58,0,37.5637065,126.9684915,0.062629675,0.089064294,0.11533592,0.242091149,"여의도","상암","양재","하남"
"중구","충정로1가",33,0,37.5668791,126.9680884,0.064015149,0.088396578,0.118183233,0.242935423,"여의도","상암","양재","하남"
"중구","중림동",1846,0,37.5591646,126.9655627,0.057802312,0.086744756,0.113378082,0.24443386,"여의도","상암","양재","하남"
"중구","의주로2가",3,0,37.5606655,126.9695132,0.061985206,0.090436209,0.112257493,0.240688333,"여의도","상암","양재","하남"
"중구","만리동1가",585,0,37.5558883,126.9669832,0.057548234,0.088711519,0.109913044,0.242668384,"여의도","상암","양재","하남"
"중구","만리동2가",1540,0,37.5542553,126.9643231,0.054443758,0.086435659,0.110288951,0.245156368,"여의도","상암","양재","하남"
"용산구","후암동",4071,0,37.5503851,126.9805049,0.06820213,0.097572347,0.103071243,0.228694856,"여의도","양재","상암","하남"
"용산구","용산동2가",2281,0,37.5430767,126.9858631,0.07175687,0.088523036,0.1100489,0.222849202,"여의도","양재","상암","하남"
"용산구","용산동4가",7,0,37.5305892,126.9858834,0.070735031,0.078338969,0.114068915,0.222516623,"여의도","양재","상암","하남"
"용산구","갈월동",987,0,37.5449357,126.9730564,0.059586952,0.097229237,0.097549861,0.235739379,"여의도","상암","양재","하남"
"용산구","남영동",245,0,37.5428503,126.9733899,0.059456699,0.095720659,0.09816351,0.235294538,"여의도","양재","상암","하남"
"용산구","용산동1가",13,0,37.5402662,126.976971,0.062529276,0.091458016,0.102370505,0.23160302,"여의도","양재","상암","하남"
"용산구","동자동",989,0,37.5515203,126.9729154,0.061340433,0.095417675,0.10285086,0.236353218,"여의도","상암","양재","하남"
"용산구","서계동",1250,0,37.5526054,126.9665239,0.05577657,0.088945638,0.107620639,0.242814784,"여의도","상암","양재","하남"
"용산구","청파동1가",1705,0,37.5488937,126.9671721,0.05505096,0.090483539,0.104341521,0.241870262,"여의도","상암","양재","하남"
"용산구","청파동2가",717,0,37.5462385,126.9666851,0.053773669,0.090753227,0.102638683,0.242177301,"여의도","상암","양재","하남"
"용산구","청파동3가",662,0,37.5433004,126.9666026,0.052929582,0.091576003,0.100497931,0.242095795,"여의도","상암","양재","하남"
"용산구","원효로1가",2004,0,37.5399032,126.9675517,0.053172519,0.093611976,0.097357,0.241002194,"여의도","상암","양재","하남"
"용산구","원효로2가",792,0,37.5363505,126.9634639,0.048622716,0.09115425,0.097710366,0.244987909,"여의도","상암","양재","하남"
"용산구","신창동",619,0,37.5358397,126.9549627,0.040120444,0.083652699,0.10369379,0.253477603,"여의도","상암","양재","하남"
"용산구","산천동",1696,0,37.5357089,126.9515061,0.03667533,0.080624877,0.106273926,0.256931351,"여의도","상암","양재","하남"
"용산구","청암동",275,0,37.5342588,126.9468778,0.031907351,0.077254898,0.109035047,0.261538347,"여의도","상암","양재","하남"
"용산구","원효로3가",1140,0,37.5343201,126.9577323,0.042721385,0.086808703,0.100599822,0.250685329,"여의도","상암","양재","하남"
"용산구","원효로4가",1483,0,37.532933,126.9506456,0.035555459,0.081185714,0.105231711,0.257758803,"여의도","상암","양재","하남"
"용산구","효창동",2732,0,37.543576,126.9607221,0.047306372,0.085934407,0.104736365,0.247982725,"여의도","상암","양재","하남"
"용산구","도원동",1688,0,37.538784,126.9562609,0.041863291,0.083581073,0.104649721,0.252250217,"여의도","상암","양재","하남"
"용산구","용문동",1727,0,37.5377219,126.9597098,0.045081782,0.087165109,0.101385158,0.248773034,"여의도","상암","양재","하남"
"용산구","문배동",2154,0,37.5371288,126.9690034,0.054214795,0.094343722,0.095967247,0.239467428,"여의도","양재","상암","하남"
"용산구","신계동",1197,0,37.535453,126.9646994,0.049760239,0.092645887,0.096197215,0.2437356,"여의도","상암","양재","하남"
"용산구","한강로1가",4733,0,37.5358426,126.9730991,0.058161518,0.090609602,0.100248348,0.235344442,"여의도","양재","상암","하남"
"용산구","한강로2가",3188,0,37.5312807,126.9686035,0.053455942,0.090492086,0.097924735,0.239795501,"여의도","양재","상암","하남"
"용산구","용산동3가",226,0,37.5321655,126.9762897,0.061154045,0.085742758,0.104592341,0.232111051,"여의도","양재","상암","하남"
"용산구","용산동5가",963,0,37.5256032,126.9740049,0.059092691,0.082666097,0.105260505,0.234462446,"여의도","양재","상암","하남"
"용산구","한강로3가",3194,0,37.5280446,126.9632299,0.048164903,0.092349648,0.094569749,0.245190237,"여의도","양재","상암","하남"
"용산구","이촌동",14534,1,37.5188354,126.9651352,0.051418726,0.085186992,0.100859273,0.243581088,"여의도","양재","상암","하남"
"용산구","이태원동",4821,0,37.538862,126.9922782,0.0775403,0.081550311,0.117385633,0.216254317,"여의도","양재","상암","하남"
"용산구","한남동",7210,0,37.5374384,127.0060971,0.074077452,0.091183686,0.131053774,0.202396102,"양재","여의도","상암","하남"
"용산구","동빙고동",2160,0,37.5235803,126.995177,0.067160652,0.080360956,0.125332355,0.213360401,"양재","여의도","상암","하남"
"용산구","서빙고동",2160,0,37.5191265,126.991401,0.065965773,0.077153745,0.123731429,0.217337183,"양재","여의도","상암","하남"
"용산구","주성동",296,0,37.5215716,127.0002868,0.062632426,0.085646017,0.130820664,0.20833778,"양재","여의도","상암","하남"
"용산구","용산동6가",57,0,37.5168611,126.9842128,0.069245018,0.070473842,0.118346837,0.224648383,"양재","여의도","상암","하남"
"용산구","보광동",3162,1,37.5268849,127.0017003,0.06646363,0.086643825,0.130157425,0.206745082,"양재","여의도","상암","하남"
"성동구","상왕십리동",1227,0,37.5684665,127.0255499,0.099965399,0.116621192,0.145726428,0.186595336,"양재","여의도","상암","하남"
"성동구","하왕십리동",9109,0,37.5643661,127.0285933,0.09565647,0.118280989,0.148942605,0.182827347,"양재","여의도","상암","하남"
"성동구","홍익동",1050,1,37.5671038,127.0327203,0.098243914,0.123022741,0.152938006,0.179297231,"양재","여의도","상암","하남"
"성동구","도선동",1129,0,37.5634228,127.0332231,0.094557149,0.122474513,0.153619606,0.178103297,"양재","여의도","상암","하남"
"성동구","마장동",8274,0,37.5670762,127.0407445,0.098428702,0.13070507,0.160958004,0.171436709,"양재","여의도","상암","하남"
"성동구","사근동",1213,0,37.5589469,127.046752,0.090956928,0.134560958,0.164000291,0.167434685,"양재","여의도","하남","상암"
"성동구","행당동",12444,1,37.5591737,127.0352497,0.090310641,0.123386624,0.155954442,0.175384239,"양재","여의도","상암","하남"
"성동구","응봉동",4636,0,37.5505366,127.0348586,0.08166985,0.1213114,0.156554386,0.174607284,"양재","여의도","상암","하남"
"성동구","금호동1가",4909,0,37.5530419,127.0213783,0.085132336,0.108514789,0.142856183,0.18828441,"양재","여의도","상암","하남"
"성동구","금호동2가",2958,0,37.5525166,127.0217884,0.084552166,0.108810652,0.143335532,0.187816903,"양재","여의도","상암","하남"
"성동구","금호동3가",3376,0,37.5499287,127.0195552,0.082358592,0.106128238,0.141518948,0.189763937,"양재","여의도","상암","하남"
"성동구","금호동4가",4515,0,37.5452026,127.0229976,0.077140107,0.108794431,0.145735936,0.185924618,"양재","여의도","상암","하남"
"성동구","옥수동",8688,2,37.5420259,127.0219996,0.074154786,0.107429528,0.145393687,0.186709814,"양재","여의도","상암","하남"
"성동구","성수동1가",15508,0,37.5431193,127.0416554,0.074629687,0.127096318,0.164457984,0.167164519,"양재","여의도","상암","하남"
"성동구","성수동2가",15190,0,37.5407489,127.0571063,0.075461822,0.142299376,0.151589724,0.180083718,"양재","여의도","하남","상암"
"성동구","송정동",2968,0,37.5541037,127.0621614,0.089724818,0.148010431,0.148834185,0.183225126,"양재","하남","여의도","상암"
"성동구","용답동",8227,1,37.5624296,127.0550851,0.095877604,0.143446801,0.156449502,0.175501926,"양재","여의도","하남","상암"
"광진구","중곡동",22241,0,37.5630636,127.0883253,0.108671822,0.124213155,0.176140001,0.208663552,"양재","하남","여의도","상암"
"광진구","능동",2993,0,37.5511328,127.0818921,0.095123007,0.128057663,0.167967596,0.203157868,"양재","하남","여의도","상암"
"광진구","구의동",22722,0,37.5436014,127.0931657,0.095236527,0.115891867,0.178470098,0.215260301,"양재","하남","여의도","상암"
"광진구","광장동",11742,1,37.5477291,127.1042141,0.105477926,0.105501368,0.189813684,0.225717504,"하남","양재","여의도","상암"
"광진구","자양동",30921,1,37.5323755,127.0744811,0.075240679,0.133922513,0.159339043,0.198736364,"양재","하남","여의도","상암"
"광진구","화양동",3946,0,37.5435023,127.0736981,0.084472568,0.135255715,0.159050111,0.196004288,"양재","하남","여의도","상암"
"광진구","군자동",5194,0,37.5532424,127.0734923,0.093102591,0.136685287,0.159913476,0.194585099,"양재","하남","여의도","상암"
"동대문구","신설동",1317,0,37.5748049,127.0255929,0.106278338,0.11885516,0.145721602,0.187919877,"양재","여의도","상암","하남"
"동대문구","용두동",8264,0,37.5762335,127.0348716,0.107366061,0.128022324,0.155025081,0.179259629,"양재","여의도","상암","하남"
"동대문구","제기동",6397,0,37.5847824,127.0368405,0.115944087,0.133091801,0.157416184,0.179712376,"양재","여의도","상암","하남"
"동대문구","전농동",13128,1,37.5802851,127.0556709,0.113478345,0.14895126,0.160402434,0.175946967,"양재","여의도","하남","상암"
"동대문구","답십리동",18386,0,37.5699332,127.0551216,0.103220239,0.145316401,0.158079943,0.175257997,"양재","여의도","하남","상암"
"동대문구","장안동",23103,0,37.5711171,127.0674265,0.107531978,0.146497493,0.157501802,0.187547479,"양재","하남","여의도","상암"
"동대문구","청량리동",5523,0,37.5883148,127.0460899,0.120042074,0.142980267,0.166932521,0.172043709,"양재","여의도","상암","하남"
"동대문구","회기동",2134,2,37.594437,127.0521251,0.126849892,0.15099976,0.168559662,0.173600934,"양재","여의도","하남","상암"
"동대문구","휘경동",9862,0,37.5881848,127.0643272,0.123076774,0.154908557,0.159803187,0.185087149,"양재","하남","여의도","상암"
"동대문구","이문동",9920,0,37.5994013,127.0624708,0.133572532,0.161051952,0.162473952,0.184521816,"양재","하남","여의도","상암"
"중랑구","면목동",35838,1,37.5819253,127.0902095,0.126199886,0.128589756,0.182348525,0.210524194,"양재","하남","여의도","상암"
"중랑구","상봉동",13582,0,37.6001601,127.0832212,0.140167886,0.142885108,0.181788031,0.205176362,"양재","하남","여의도","상암"
"중랑구","중화동",12471,0,37.600464,127.0784467,0.138855863,0.147228531,0.177501996,0.200487528,"양재","하남","여의도","상암"
"중랑구","묵동",16834,0,37.6125348,127.0803388,0.150913313,0.151671875,0.184265759,0.204365724,"양재","하남","여의도","상암"
"중랑구","망우동",15011,0,37.6003767,127.1056492,0.123830879,0.149696386,0.202778218,0.227449085,"하남","양재","여의도","상암"
"중랑구","신내동",19848,1,37.6102524,127.1011551,0.133193173,0.156465162,0.202230011,0.224427204,"하남","양재","여의도","상암"
"성북구","성북동",3332,0,37.5963213,126.9925431,0.101347735,0.115099677,0.134064552,0.225446716,"여의도","상암","양재","하남"
"성북구","성북동1가",400,0,37.5895393,127.0040328,0.106490868,0.124366078,0.125278939,0.21251248,"여의도","양재","상암","하남"
"성북구","돈암동",12098,0,37.5971818,127.0178324,0.122224173,0.129342684,0.140095879,0.201645197,"여의도","양재","상암","하남"
"성북구","동소문동1가",283,0,37.5901376,127.007256,0.109518101,0.124209672,0.128553364,0.209581982,"여의도","양재","상암","하남"
"성북구","동소문동2가",101,0,37.5888166,127.0081299,0.109549854,0.122732196,0.129248272,0.208374697,"여의도","양재","상암","하남"
"성북구","동소문동3가",40,0,37.5903924,127.0116169,0.113343854,0.123590183,0.132909043,0.205473508,"여의도","양재","상암","하남"
"성북구","동소문동4가",834,0,37.5918678,127.0106029,0.113269515,0.125227726,0.132109697,0.206872226,"여의도","양재","상암","하남"
"성북구","동소문동5가",361,0,37.5915119,127.0150675,0.11687157,0.124114522,0.136479339,0.202501551,"여의도","양재","상암","하남"
"성북구","동소문동6가",484,0,37.5936325,127.0140286,0.117106992,0.126371467,0.135760608,0.204131532,"여의도","양재","상암","하남"
"성북구","동소문동7가",659,0,37.5963137,127.0142973,0.118789341,0.128977644,0.136463741,0.20471183,"여의도","양재","상암","하남"
"성북구","삼선동1가",964,0,37.5843841,127.0075165,0.10674075,0.118540228,0.128161016,0.207787208,"여의도","양재","상암","하남"
"성북구","삼선동2가",1858,0,37.5848587,127.0118856,0.110773671,0.118102463,0.13255519,0.203690717,"여의도","양재","상암","하남"
"성북구","삼선동3가",1156,0,37.5867502,127.0134419,0.113057859,0.119681824,0.134289256,0.202699258,"여의도","양재","상암","하남"
"성북구","삼선동4가",724,0,37.5898185,127.013353,0.114528728,0.122720102,0.134555885,0.203645701,"여의도","양재","상암","하남"
"성북구","삼선동5가",987,0,37.5885476,127.016002,0.116172101,0.121042771,0.137031397,0.200743659,"여의도","양재","상암","하남"
"성북구","동선동1가",218,0,37.5924569,127.0182087,0.12005012,0.124608225,0.13972159,0.199792195,"여의도","양재","상암","하남"
"성북구","동선동2가",334,0,37.5900467,127.0197107,0.120137009,0.122031589,0.140892305,0.197632691,"여의도","양재","상암","하남"
"성북구","동선동3가",546,0,37.5941547,127.0204848,0.122875165,0.126025583,0.142221047,0.198158994,"여의도","양재","상암","하남"
"성북구","동선동4가",545,0,37.5951321,127.0188307,0.121972125,0.127185638,0.140738267,0.200038183,"여의도","양재","상암","하남"
"성북구","동선동5가",483,0,37.5963264,127.0168843,0.12096386,0.128617837,0.139014706,0.202264669,"여의도","양재","상암","하남"
"성북구","안암동1가",832,0,37.5887176,127.0222897,0.120431059,0.121751354,0.143297792,0.194775737,"양재","여의도","상암","하남"
"성북구","안암동2가",397,0,37.5868415,127.0232695,0.118470356,0.121740859,0.144075749,0.193291982,"양재","여의도","상암","하남"
"성북구","안암동3가",1014,0,37.5839528,127.0236728,0.115556929,0.120802683,0.144223725,0.192093411,"양재","여의도","상암","하남"
"성북구","안암동4가",307,0,37.5805404,127.0246072,0.112075697,0.120193421,0.144931536,0.190282919,"양재","여의도","상암","하남"
"성북구","안암동5가",649,0,37.5884384,127.0295868,0.119654682,0.128093944,0.150522179,0.187730431,"양재","여의도","상암","하남"
"성북구","보문동4가",346,0,37.5829039,127.021382,0.114744245,0.118283998,0.141860934,0.19401556,"양재","여의도","상암","하남"
"성북구","보문동5가",466,0,37.5824037,127.0201558,0.114390469,0.116962795,0.140602634,0.195066069,"양재","여의도","상암","하남"
"성북구","보문동6가",1723,0,37.5806329,127.0192949,0.112743186,0.115416305,0.13963244,0.195442188,"양재","여의도","상암","하남"
"성북구","보문동7가",302,0,37.5796096,127.0223212,0.11136744,0.11772712,0.142601004,0.192255675,"양재","여의도","상암","하남"
"성북구","보문동1가",165,0,37.5864995,127.0196089,0.118340651,0.11852241,0.140399253,0.196704505,"여의도","양재","상암","하남"
"성북구","보문동2가",628,0,37.5858496,127.0183007,0.116880497,0.118045727,0.139034607,0.197780058,"여의도","양재","상암","하남"
"성북구","보문동3가",875,0,37.584334,127.016517,0.114594705,0.116799628,0.137122452,0.199085727,"여의도","양재","상암","하남"
"성북구","정릉동",23874,2,37.6167753,126.9983569,0.119583372,0.12639186,0.152169946,0.226781538,"여의도","상암","양재","하남"
"성북구","길음동",13864,0,37.6084879,127.0223924,0.132374058,0.140110418,0.146922918,0.201400064,"여의도","양재","상암","하남"
"성북구","종암동",10599,1,37.596525,127.0332811,0.127657823,0.13514218,0.15522893,0.186883057,"양재","여의도","상암","하남"
"성북구","하월곡동",11567,0,37.6041679,127.0378885,0.135350094,0.142950791,0.161098781,0.185442199,"양재","여의도","상암","하남"
"성북구","상월곡동",2692,0,37.6060556,127.0475388,0.137839344,0.152240688,0.170931927,0.177397259,"양재","여의도","상암","하남"
"성북구","장위동",11668,0,37.6160358,127.0503365,0.148055474,0.159767982,0.175864528,0.179360007,"양재","여의도","상암","하남"
"성북구","석관동",9392,0,37.6079392,127.0611739,0.141674327,0.165106508,0.165994929,0.184674412,"양재","여의도","하남","상암"
"강북구","미아동",33107,1,37.6219876,127.0235677,0.141611269,0.151888938,0.15348147,0.20589653,"여의도","상암","양재","하남"
"강북구","번동",13755,0,37.6292269,127.036379,0.156100135,0.16037267,0.166377264,0.197958607,"여의도","양재","상암","하남"
"강북구","수유동",26714,1,37.6371315,127.007544,0.140799564,0.142980678,0.1703489,0.227047701,"여의도","상암","양재","하남"
"강북구","우이동",3273,0,37.6632405,126.9992181,0.149771144,0.156795401,0.197480966,0.247334683,"상암","여의도","양재","하남"
"도봉구","쌍문동",21148,0,37.6525541,127.0273717,0.165519105,0.167699494,0.183808387,0.217904042,"여의도","상암","양재","하남"
"도봉구","방학동",23390,0,37.6646494,127.0334847,0.178592973,0.17899949,0.195780463,0.219969719,"여의도","상암","양재","하남"
"도봉구","창동",37180,2,37.6463131,127.04338,0.172528673,0.177684035,0.179287548,0.201165518,"여의도","양재","상암","하남"
"도봉구","도봉동",15376,0,37.6852416,127.0298657,0.187487721,0.192314729,0.216413617,0.235760982,"상암","여의도","양재","하남"
"노원구","월계동",23431,0,37.6295557,127.0562532,0.162201511,0.172179297,0.181134212,0.18529431,"양재","여의도","하남","상암"
"노원구","공릉동",24075,1,37.6304774,127.0884816,0.155638946,0.170502341,0.199905575,0.216440082,"하남","양재","여의도","상암"
"노원구","하계동",14042,0,37.638495,127.071507,0.173694216,0.173890503,0.189808036,0.202590684,"양재","하남","여의도","상암"
"노원구","상계동",60162,0,37.6664734,127.0723253,0.191827093,0.201260986,0.207575986,0.214055534,"하남","양재","여의도","상암"
"노원구","중계동",31387,0,37.6508772,127.0775077,0.177312859,0.187104906,0.201885501,0.212510093,"하남","양재","여의도","상암"
"은평구","수색동",3362,0,37.5849864,126.8928476,0.017835355,0.058514864,0.182876283,0.320091834,"상암","여의도","양재","하남"
"은평구","녹번동",10321,1,37.6041196,126.9344912,0.06298191,0.075742907,0.167989121,0.283431511,"상암","여의도","양재","하남"
"은평구","불광동",17166,0,37.6191932,126.935134,0.072185219,0.090538437,0.179992423,0.287063241,"상암","여의도","양재","하남"
"은평구","갈현동",13657,0,37.6210985,126.9132641,0.058763302,0.09023019,0.194376135,0.308504208,"상암","여의도","양재","하남"
"은평구","구산동",9513,0,37.6122006,126.9088192,0.048935301,0.0815586,0.190385024,0.310320463,"상암","여의도","양재","하남"
"은평구","대조동",7108,0,37.6126506,126.9243912,0.059782673,0.082283297,0.180874169,0.295439011,"상암","여의도","양재","하남"
"은평구","응암동",19014,1,37.5926842,126.9257984,0.050059156,0.062707097,0.164516539,0.289198098,"상암","여의도","양재","하남"
"은평구","역촌동",12628,0,37.60508,126.9121446,0.045681685,0.074252807,0.182848576,0.305312088,"상암","여의도","양재","하남"
"은평구","신사동",14838,1,37.5959208,126.9074632,0.036028923,0.065485392,0.179405641,0.307803277,"상암","여의도","양재","하남"
"은평구","증산동",4899,2,37.583179,126.9061068,0.028224236,0.053067034,0.171628923,0.30671769,"상암","여의도","양재","하남"
"은평구","진관동",17980,1,37.6422519,126.934085,0.088148346,0.11296234,0.200175636,0.295916347,"상암","여의도","양재","하남"
"서대문구","충정로2가",607,0,37.5649689,126.9639845,0.059551774,0.08445632,0.118976425,0.246727518,"여의도","상암","양재","하남"
"서대문구","충정로3가",1916,0,37.5622877,126.9621679,0.056539527,0.082942493,0.117921205,0.248177808,"여의도","상암","양재","하남"
"서대문구","합동",370,0,37.5613616,126.9662486,0.059496298,0.087108283,0.11472829,0.244013692,"여의도","상암","양재","하남"
"서대문구","미근동",890,0,37.5635697,126.9673972,0.061627655,0.087989845,0.115850334,0.24315741,"여의도","상암","양재","하남"
"서대문구","냉천동",933,0,37.5674955,126.9620152,0.059468897,0.082296159,0.122178286,0.249033529,"여의도","상암","양재","하남"
"서대문구","천연동",1276,0,37.5678141,126.9597564,0.057908177,0.080021847,0.123779511,0.251314648,"여의도","상암","양재","하남"
"서대문구","옥천동",171,0,37.5692019,126.9591256,0.058325777,0.079318327,0.125268313,0.252143832,"여의도","상암","양재","하남"
"서대문구","영천동",1155,0,37.5701581,126.9583199,0.058359809,0.07847622,0.126516602,0.253085573,"여의도","상암","양재","하남"
"서대문구","현저동",1578,0,37.5741171,126.9547307,0.058612849,0.07485746,0.131837783,0.257262501,"여의도","상암","양재","하남"
"서대문구","북아현동",6840,0,37.5636974,126.9549002,0.051542358,0.075556657,0.123570211,0.255565191,"여의도","상암","양재","하남"
"서대문구","홍제동",14286,2,37.5873266,126.94728,0.064943951,0.068955537,0.146883929,0.267069555,"여의도","상암","양재","하남"
"서대문구","대현동",1300,2,37.5613992,126.9453104,0.04290272,0.06639919,0.128259792,0.264808878,"여의도","상암","양재","하남"
"서대문구","대신동",283,0,37.5646453,126.9439073,0.044346309,0.064530381,0.13157904,0.266589892,"여의도","상암","양재","하남"
"서대문구","신촌동",273,0,37.5651557,126.9433451,0.044376743,0.063910118,0.132336065,0.267211933,"여의도","상암","양재","하남"
"서대문구","봉원동",132,0,37.5726345,126.9472294,0.052649049,0.067343475,0.135346909,0.264425941,"여의도","상암","양재","하남"
"서대문구","창천동",1876,0,37.558812,126.934147,0.033773862,0.056018801,0.134484808,0.275632095,"여의도","상암","양재","하남"
"서대문구","연희동",10716,0,37.5725293,126.9312648,0.044651057,0.051379212,0.146035954,0.28018956,"여의도","상암","양재","하남"
"서대문구","홍은동",14167,0,37.5933419,126.9395751,0.063146124,0.067060599,0.156313413,0.27589845,"상암","여의도","양재","하남"
"서대문구","북가좌동",16553,0,37.5791085,126.9117177,0.032463497,0.048342429,0.164734022,0.300514376,"상암","여의도","양재","하남"
"서대문구","남가좌동",12299,1,37.5766943,126.9185075,0.038823914,0.045929257,0.158096939,0.293429709,"상암","여의도","양재","하남"
"마포구","아현동",7252,1,37.554422,126.9559626,0.047112621,0.078249697,0.115884801,0.253496408,"여의도","상암","양재","하남"
"마포구","공덕동",8013,0,37.5473874,126.9555575,0.043647189,0.079803989,0.11107934,0.253355063,"여의도","상암","양재","하남"
"마포구","신공덕동",4060,0,37.5443996,126.9556064,0.04265401,0.080848462,0.108952633,0.253133646,"여의도","상암","양재","하남"
"마포구","도화동",8649,2,37.5395606,126.9506254,0.036521075,0.078131962,0.109408314,0.257907081,"여의도","상암","양재","하남"
"마포구","용강동",2635,0,37.5412882,126.9404514,0.027356455,0.068242721,0.118406401,0.268135042,"여의도","상암","양재","하남"
"마포구","토정동",488,0,37.5388869,126.9396827,0.025804744,0.068712002,0.117569804,0.268824401,"여의도","상암","양재","하남"
"마포구","마포동",2429,0,37.536882,126.943622,0.029097075,0.073128075,0.113213649,0.264836594,"여의도","상암","양재","하남"
"마포구","대흥동",3863,1,37.5498968,126.9427567,0.033518944,0.066890271,0.122124618,0.266294973,"여의도","상암","양재","하남"
"마포구","염리동",4247,0,37.5492254,126.9472146,0.036938638,0.071315087,0.11836924,0.261801266,"여의도","상암","양재","하남"
"마포구","노고산동",1259,0,37.5540256,126.9382447,0.032691893,0.061284415,0.128239881,0.271111483,"여의도","상암","양재","하남"
"마포구","신수동",3874,1,37.5480088,126.9372619,0.027966089,0.062477027,0.125085485,0.271653668,"여의도","상암","양재","하남"
"마포구","현석동",1866,0,37.5422601,126.9345406,0.022480187,0.062576712,0.123709965,0.274079072,"여의도","상암","양재","하남"
"마포구","구수동",467,0,37.5460069,126.932338,0.022891982,0.058869378,0.127717315,0.276454388,"여의도","상암","양재","하남"
"마포구","창전동",4347,0,37.5498986,126.9290709,0.023563154,0.054227812,0.132676481,0.279948988,"여의도","상암","양재","하남"
"마포구","상수동",2456,0,37.5470257,126.9243736,0.018588131,0.051382046,0.134739678,0.284462404,"여의도","상암","양재","하남"
"마포구","하중동",553,0,37.5438506,126.9279703,0.018232244,0.056092856,0.12996912,0.280711023,"여의도","상암","양재","하남"
"마포구","신정동",568,0,37.5432644,126.9306672,0.019849177,0.058713257,0.12743264,0.277990939,"여의도","상암","양재","하남"
"마포구","당인동",308,0,37.5447269,126.9194336,0.014486992,0.048460977,0.137511939,0.289278848,"여의도","상암","양재","하남"
"마포구","서교동",6793,0,37.5536496,126.9200803,0.023289658,0.044495328,0.142108813,0.289186424,"여의도","상암","양재","하남"
"마포구","동교동",1778,0,37.5580953,126.9258049,0.029219606,0.048196122,0.140340591,0.28386501,"여의도","상암","양재","하남"
"마포구","합정동",6271,0,37.5478042,126.9079929,0.018367569,0.037570502,0.148799113,0.300861103,"여의도","상암","양재","하남"
"마포구","망원동",11394,0,37.5559402,126.8999194,0.026141967,0.029318142,0.159980327,0.309464987,"상암","여의도","양재","하남"
"마포구","연남동",4359,0,37.5626693,126.9223734,0.032592069,0.043663457,0.145903551,0.287744569,"여의도","상암","양재","하남"
"마포구","성산동",15080,0,37.5662175,126.9039248,0.02490666,0.037069613,0.162572845,0.306473956,"상암","여의도","양재","하남"
"마포구","중동",3205,0,37.5716735,126.9067456,0.026880567,0.041642216,0.163692837,0.304347994,"상암","여의도","양재","하남"
"마포구","상암동",11451,1,37.5715459,126.877877,0.002334532,0.055156748,0.186968822,0.332967602,"상암","여의도","양재","하남"
"양천구","신정동",57465,2,37.5163358,126.8530247,0.062469186,0.063805918,0.187222146,0.355687706,"상암","여의도","양재","하남"
"양천구","목동",49272,0,37.5367323,126.8764165,0.036169488,0.039170938,0.17169403,0.332027533,"상암","여의도","양재","하남"
"양천구","신월동",43592,1,37.5290519,126.8370637,0.061171583,0.078106884,0.206050935,0.371341889,"상암","여의도","양재","하남"
"강서구","염창동",15146,1,37.5559718,126.8712408,0.018861187,0.050568044,0.184714956,0.338062313,"상암","여의도","양재","하남"
"강서구","등촌동",25837,1,37.5519877,126.8527941,0.034123621,0.06582804,0.199477469,0.356208249,"상암","여의도","양재","하남"
"강서구","화곡동",67157,0,37.5421699,126.8468431,0.04501176,0.069231331,0.20112001,0.361720344,"상암","여의도","양재","하남"
"강서구","가양동",22837,1,37.567984,126.844436,0.035766947,0.079852624,0.214026631,0.365810639,"상암","여의도","양재","하남"
"강서구","마곡동",20390,0,37.574112,126.8309811,0.048924282,0.094617914,0.228791071,0.379842365,"상암","여의도","양재","하남"
"강서구","내발산동",15142,1,37.5536081,126.8346843,0.049081891,0.08361083,0.21670056,0.374382072,"상암","여의도","양재","하남"
"강서구","외발산동",1378,0,37.5495179,126.8203066,0.063943245,0.096654819,0.22852687,0.388521448,"상암","여의도","양재","하남"
"강서구","공항동",7343,0,37.5528356,126.8112163,0.071494852,0.106224777,0.238203148,0.397768062,"상암","여의도","양재","하남"
"강서구","방화동",26492,0,37.5773667,126.814752,0.065298473,0.110633752,0.244741171,0.396337507,"상암","여의도","양재","하남"
"강서구","개화동",1446,0,37.5865739,126.8031382,0.077985511,0.125089323,0.259251653,0.409017727,"상암","여의도","양재","하남"
"강서구","과해동",126,0,37.5662169,126.7883549,0.09176289,0.131623991,0.264351695,0.42149585,"상암","여의도","양재","하남"
"강서구","오곡동",45,0,37.5534112,126.7831642,0.098633239,0.1338928,0.264822671,0.425811148,"상암","여의도","양재","하남"
"강서구","오쇠동",98,0,37.5435569,126.7978763,0.087045692,0.117955022,0.247778013,0.410706711,"상암","여의도","양재","하남"
"구로구","신도림동",12740,2,37.5105874,126.8830734,0.037959959,0.062229283,0.15671132,0.325982005,"여의도","상암","양재","하남"
"구로구","구로동",55928,0,37.4937929,126.8849584,0.047828012,0.079104895,0.151239271,0.325603908,"여의도","상암","양재","하남"
"구로구","가리봉동",2813,0,37.4830168,126.887363,0.055350823,0.090029223,0.147447225,0.324641195,"여의도","상암","양재","하남"
"구로구","고척동",17248,0,37.502438,126.8586172,0.06328702,0.073444061,0.178694022,0.350967585,"여의도","상암","양재","하남"
"구로구","개봉동",26184,0,37.4946532,126.8517611,0.073013606,0.082992635,0.184182489,0.358512123,"여의도","상암","양재","하남"
"구로구","오류동",14787,2,37.4922507,126.8372029,0.086996755,0.091101973,0.198310211,0.373240649,"여의도","상암","양재","하남"
"구로구","궁동",4905,0,37.5009522,126.8286614,0.08818577,0.091521894,0.2079582,0.380945469,"상암","여의도","양재","하남"
"구로구","온수동",3432,0,37.4936808,126.8204193,0.09892348,0.101774711,0.215146088,0.389795773,"상암","여의도","양재","하남"
"구로구","천왕동",4275,0,37.4801779,126.8394452,0.091118492,0.101006312,0.195012923,0.372473752,"여의도","상암","양재","하남"
"구로구","항동",2089,0,37.4810222,126.8236562,0.104199474,0.107578009,0.210824326,0.388009356,"여의도","상암","양재","하남"
"금천구","가산동",18839,0,37.4754693,126.8842387,0.063456118,0.097363044,0.150036504,0.328926966,"여의도","상암","양재","하남"
"금천구","독산동",33383,1,37.4663645,126.8975779,0.066873205,0.107831751,0.136575084,0.317524332,"여의도","상암","양재","하남"
"금천구","시흥동",35225,0,37.4497033,126.9106965,0.081306705,0.124912735,0.126830935,0.308672847,"여의도","양재","상암","하남"
"영등포구","영등포동",4307,0,37.5134157,126.9067835,0.019371702,0.065132594,0.134912751,0.302143131,"여의도","상암","양재","하남"
"영등포구","영등포동1가",576,0,37.517729,126.9126708,0.013390323,0.064035171,0.130918063,0.296037775,"여의도","상암","양재","하남"
"영등포구","영등포동2가",1473,0,37.5208906,126.9126698,0.010300216,0.061340194,0.132131461,0.29591108,"여의도","상암","양재","하남"
"영등포구","영등포동3가",475,0,37.5181304,126.9083998,0.014432881,0.061601129,0.135035811,0.300286549,"여의도","상암","양재","하남"
"영등포구","영등포동4가",527,0,37.517862,126.9038985,0.017211927,0.059896964,0.139141869,0.304795289,"여의도","상암","양재","하남"
"영등포구","영등포동5가",521,0,37.5210399,126.9068175,0.012899572,0.058289699,0.137586958,0.301754757,"여의도","상암","양재","하남"
"영등포구","영등포동6가",526,0,37.5222528,126.9030388,0.014873588,0.055538317,0.141543725,0.305493132,"여의도","상암","양재","하남"
"영등포구","영등포동7가",3332,1,37.5242607,126.9071884,0.010358198,0.055634331,0.138500179,0.301292004,"여의도","상암","양재","하남"
"영등포구","영등포동8가",1975,0,37.5290851,126.9050149,0.010293223,0.050366411,0.142466022,0.303391924,"여의도","상암","양재","하남"
"영등포구","여의도동",22789,1,37.5284328,126.9273753,0.012470382,0.064945504,0.122246853,0.281037961,"여의도","상암","양재","하남"
"영등포구","당산동1가",1991,0,37.5214443,126.898537,0.019108689,0.054576512,0.145428741,0.310017557,"여의도","상암","양재","하남"
"영등포구","당산동2가",2118,0,37.5224645,126.8938151,0.022936666,0.052164576,0.150202003,0.314706945,"여의도","상암","양재","하남"
"영등포구","당산동3가",3662,0,37.526241,126.8974284,0.018319778,0.049693338,0.148252349,0.311011165,"여의도","상암","양재","하남"
"영등포구","당산동4가",5203,0,37.5291366,126.8991344,0.016110084,0.047658382,0.147837326,0.309271917,"여의도","상암","양재","하남"
"영등포구","당산동5가",3607,1,37.5321286,126.90101,0.014193323,0.045772296,0.147385837,0.307390216,"여의도","상암","양재","하남"
"영등포구","당산동6가",1175,0,37.5347504,126.9031693,0.012586951,0.044552687,0.146597858,0.305249611,"여의도","상암","양재","하남"
"영등포구","당산동",2392,0,37.534892,126.9024679,0.013298207,0.044068525,0.147288197,0.305952611,"여의도","상암","양재","하남"
"영등포구","도림동",5981,0,37.5082421,126.9015397,0.026420633,0.068030999,0.138312508,0.307721689,"여의도","상암","양재","하남"
"영등포구","문래동1가",453,0,37.5118742,126.8975738,0.02589232,0.063378981,0.143167584,0.311429397,"여의도","상암","양재","하남"
"영등포구","문래동2가",707,0,37.5127162,126.8935375,0.028235992,0.061551765,0.147270976,0.315407332,"여의도","상암","양재","하남"
"영등포구","문래동3가",6221,1,37.5171092,126.8959575,0.023625601,0.057900974,0.146351154,0.312761969,"여의도","상암","양재","하남"
"영등포구","문래동4가",846,0,37.5144685,126.8901537,0.029905936,0.059164269,0.151024495,0.318688186,"여의도","상암","양재","하남"
"영등포구","문래동5가",2039,0,37.5163676,126.8835197,0.034803084,0.056484401,0.1579224,0.325220636,"여의도","상암","양재","하남"
"영등포구","문래동6가",3321,0,37.5200428,126.8841712,0.032821372,0.05286616,0.158449668,0.324421919,"여의도","상암","양재","하남"
"영등포구","양평동1가",3053,0,37.5231837,126.8886735,0.027573689,0.050324462,0.155266131,0.319827589,"여의도","상암","양재","하남"
"영등포구","양평동2가",4117,0,37.5233387,126.8839345,0.032114435,0.049561929,0.159767104,0.324561276,"여의도","상암","양재","하남"
"영등포구","양평동3가",6213,0,37.5296813,126.8897889,0.025388793,0.044177919,0.156628118,0.318614031,"여의도","상암","양재","하남"
"영등포구","양평동4가",3155,0,37.536431,126.8962332,0.019711224,0.039814713,0.153557859,0.312208559,"여의도","상암","양재","하남"
"영등포구","양평동5가",3900,1,37.5389197,126.8929394,0.023617251,0.036247286,0.157612645,0.315552482,"여의도","상암","양재","하남"
"영등포구","양평동6가",1588,0,37.5427197,126.8894307,0.028309364,0.031496342,0.162455119,0.319173949,"여의도","상암","양재","하남"
"영등포구","양화동",5,0,37.5489947,126.8900753,0.025834544,0.03092803,0.164838479,0.31881712,"상암","여의도","양재","하남"
"영등포구","신길동",27418,1,37.5058261,126.9126514,0.025186044,0.074500821,0.126975602,0.296839569,"여의도","상암","양재","하남"
"영등포구","대림동",17065,0,37.4970578,126.9009236,0.036699379,0.078546924,0.13615615,0.309372245,"여의도","상암","양재","하남"
"영등포구","양평동",2,0,37.5326108,126.8899608,0.025247049,0.041369711,0.157631367,0.318441048,"여의도","상암","양재","하남"
"동작구","노량진동",8070,0,37.5115,126.9415118,0.032724483,0.086876144,0.101958069,0.267617999,"여의도","상암","양재","하남"
"동작구","상도동",31431,2,37.4996854,126.9455504,0.04356429,0.093786643,0.098224526,0.264738729,"여의도","양재","상암","하남"
"동작구","상도1동",1840,0,37.5032399,126.9498621,0.044378111,0.091007522,0.098621618,0.2600513,"여의도","양재","상암","하남"
"동작구","본동",3442,0,37.5124878,126.9551132,0.043996644,0.09025612,0.096378715,0.253980791,"여의도","양재","상암","하남"
"동작구","흑석동",8959,0,37.5052783,126.9638232,0.055000313,0.079174557,0.107684075,0.245952391,"여의도","양재","상암","하남"
"동작구","동작동",1661,0,37.4999089,126.9736767,0.066220815,0.067955977,0.118744837,0.236807307,"여의도","양재","상암","하남"
"동작구","사당동",26380,0,37.4851779,126.9717959,0.064432039,0.072789316,0.126939653,0.241049695,"양재","여의도","상암","하남"
"동작구","대방동",10838,1,37.5067515,126.9277454,0.027225722,0.081512848,0.112927814,0.281722036,"여의도","상암","양재","하남"
"동작구","신대방동",13633,0,37.4921384,126.9166599,0.038779045,0.088589681,0.119752423,0.294351007,"여의도","상암","양재","하남"
"관악구","봉천동",54485,1,37.4750363,126.9490874,0.065354628,0.085265861,0.11972414,0.265337634,"여의도","양재","상암","하남"
"관악구","신림동",61146,1,37.4630314,126.9347745,0.070637656,0.099526904,0.122668771,0.282003643,"여의도","양재","상암","하남"
"관악구","남현동",5166,0,37.4630565,126.9776244,0.05680387,0.092218697,0.146908707,0.240643261,"양재","여의도","상암","하남"
"서초구","방배동",41961,1,37.4790075,126.9959104,0.039541203,0.095989531,0.149152625,0.218819896,"양재","여의도","상암","하남"
"서초구","양재동",26459,16,37.468455,127.0362466,0.002156901,0.136244296,0.183252338,0.187944023,"양재","여의도","하남","상암"
"서초구","우면동",9373,1,37.4660631,127.0178628,0.016507589,0.121459427,0.174403244,0.201383219,"양재","여의도","상암","하남"
"서초구","원지동",168,0,37.4449934,127.049594,0.028446921,0.15954103,0.180725329,0.21241168,"양재","여의도","하남","상암"
"서초구","잠원동",19152,1,37.5153035,127.0093893,0.052613422,0.095520211,0.141666799,0.199648687,"양재","여의도","상암","하남"
"서초구","반포동",29006,1,37.5045831,127.0021767,0.047921174,0.090916271,0.139998917,0.207941115,"양재","여의도","상암","하남"
"서초구","서초동",48283,4,37.4885178,127.0171248,0.025984859,0.110427794,0.16101871,0.195992493,"양재","여의도","상암","하남"
"서초구","내곡동",3854,2,37.4583407,127.0770851,0.044226765,0.150203688,0.177444107,0.227977062,"양재","하남","여의도","상암"
"서초구","염곡동",854,1,37.4631455,127.0527369,0.019467579,0.153360609,0.169914153,0.204663852,"양재","여의도","하남","상암"
"서초구","신원동",3062,1,37.4451504,127.0596521,0.03484246,0.168024052,0.171875514,0.220439744,"양재","여의도","하남","상암"
"강남구","역삼동",38111,5,37.4998676,127.0386901,0.031331226,0.127376091,0.172588657,0.174723782,"양재","여의도","하남","상암"
"강남구","개포동",18528,3,37.4824461,127.0627322,0.031660643,0.153629437,0.155330031,0.20392356,"양재","하남","여의도","상암"
"강남구","청담동",13683,1,37.5255867,127.0522746,0.059548388,0.137228036,0.15622759,0.178719869,"양재","여의도","하남","상암"
"강남구","삼성동",21297,5,37.5147968,127.0550895,0.050483379,0.140862594,0.154191347,0.184534824,"양재","여의도","하남","상암"
"강남구","대치동",38750,2,37.4989487,127.0646582,0.042856729,0.147328532,0.152882699,0.198960257,"양재","하남","여의도","상암"
"강남구","신사동",6679,0,37.522901,127.0246548,0.054855523,0.109796687,0.153105954,0.18393442,"양재","여의도","상암","하남"
"강남구","논현동",21139,2,37.5138347,127.0317062,0.045029979,0.117798115,0.162845382,0.177550348,"양재","여의도","상암","하남"
"강남구","압구정동",13878,2,37.52883,127.0295045,0.060138148,0.114374017,0.15592737,0.178911057,"양재","여의도","상암","하남"
"강남구","세곡동",5607,0,37.4644483,127.1066379,0.072642598,0.121736023,0.202687524,0.251281582,"양재","하남","여의도","상암"
"강남구","자곡동",8550,2,37.4766387,127.1001169,0.066442634,0.121280405,0.192759204,0.240283475,"양재","하남","여의도","상암"
"강남구","율현동",3838,0,37.4717408,127.1114701,0.077393363,0.11374631,0.205037474,0.252648024,"양재","하남","여의도","상암"
"강남구","일원동",13661,1,37.487919,127.0852156,0.054521582,0.130586902,0.175410899,0.222157598,"양재","하남","여의도","상암"
"강남구","수서동",8100,3,37.4855136,127.0984643,0.066452326,0.119074503,0.188847387,0.235338152,"양재","하남","여의도","상암"
"강남구","도곡동",22493,1,37.4881299,127.0440333,0.021656849,0.135791818,0.169931262,0.18466824,"양재","여의도","하남","상암"
"송파구","잠실동",36874,2,37.5111559,127.0858092,0.066774524,0.124227995,0.171797147,0.214933361,"양재","하남","여의도","상암"
"송파구","신천동",19079,0,37.5250784,127.0921991,0.080817106,0.116364421,0.17714539,0.217595965,"양재","하남","여의도","상암"
"송파구","풍납동",12263,0,37.5335451,127.1132241,0.095202232,0.102170178,0.198092921,0.236606249,"하남","양재","여의도","상암"
"송파구","송파동",15410,0,37.5049182,127.1138534,0.087494533,0.098147703,0.200394284,0.243597748,"양재","하남","여의도","상암"
"송파구","석촌동",10752,0,37.502828,127.1041069,0.077781182,0.108099252,0.191029976,0.234865921,"양재","하남","여의도","상암"
"송파구","삼전동",9734,0,37.5018103,127.0897698,0.064659498,0.12223096,0.177025242,0.2215435,"양재","하남","여의도","상암"
"송파구","가락동",32491,2,37.4942803,127.1176311,0.087281825,0.098013294,0.205764731,0.250355492,"양재","하남","여의도","상암"
"송파구","문정동",31121,3,37.4856663,127.1237432,0.091173688,0.096154848,0.213439786,0.258934919,"양재","하남","여의도","상암"
"송파구","장지동",16093,0,37.4785724,127.1320169,0.09279348,0.098366568,0.22308879,0.269140458,"하남","양재","여의도","상암"
"송파구","방이동",21293,2,37.5163579,127.1260688,0.083668714,0.103478711,0.211419691,0.252555634,"하남","양재","여의도","상암"
"송파구","오금동",14312,0,37.5037347,127.1339176,0.079406179,0.105702944,0.220447277,0.263235817,"하남","양재","여의도","상암"
"송파구","거여동",9316,0,37.4893748,127.1470227,0.074308514,0.114739743,0.23556052,0.279840918,"하남","양재","여의도","상암"
"송파구","마천동",12230,0,37.497466,127.151561,0.066127627,0.120862612,0.238762777,0.281909078,"하남","양재","여의도","상암"
"강동구","명일동",12578,0,37.5485893,127.151755,0.059234355,0.142094361,0.237267223,0.272939129,"하남","양재","여의도","상암"
"강동구","고덕동",11439,0,37.5655385,127.1576823,0.061212131,0.156875651,0.244996038,0.277889499,"하남","양재","여의도","상암"
"강동구","상일동",6402,0,37.5508013,127.1698689,0.043200402,0.158549005,0.255497098,0.290811227,"하남","양재","여의도","상암"
"강동구","길동",15830,0,37.5397058,127.1470066,0.06197008,0.133262288,0.232025215,0.269154868,"하남","양재","여의도","상암"
"강동구","둔촌동",9542,1,37.5289353,127.1467424,0.061700561,0.127629906,0.231601632,0.270426981,"하남","양재","여의도","상암"
"강동구","암사동",21641,1,37.5577912,127.1295091,0.083230455,0.130399971,0.216041743,0.250070009,"하남","양재","여의도","상암"
"강동구","성내동",22477,1,37.5304064,127.1288442,0.079559422,0.11294914,0.213695743,0.25253098,"하남","양재","여의도","상암"
"강동구","천호동",27077,0,37.5431857,127.1265643,0.082698519,0.11860406,0.211772667,0.248441834,"하남","양재","여의도","상암"
"강동구","강일동",8032,0,37.5676689,127.1720391,0.051452493,0.169647112,0.259509842,0.292197021,"하남","양재","여의도","상암"
