"자치구","동","계","X0.4세","X5.9세","X10.14세","X15.19세","X20.24세","X25.29세","X30.34세","X35.39세","X40.44세","X45.49세","X50.54세","X55.59세","X60.64세","X65.69세","X70.74세","X75.79세","X80.84세","X85.89세","X90.94세","X95.99세","X100세이상"
"종로구","사직동",9841,255,382,366,360,534,758,733,756,736,834,805,788,716,468,409,383,296,153,71,20,18
"종로구","삼청동",2993,60,84,124,114,170,190,192,243,221,217,211,235,253,187,162,136,97,58,23,7,9
"종로구","부암동",10597,230,381,451,506,766,825,699,717,719,976,909,839,780,512,461,347,271,120,55,23,10
"종로구","평창동",18768,509,694,721,967,1269,1297,1053,1255,1199,1633,1692,1691,1453,980,770,655,478,272,115,41,24
"종로구","무악동",8767,298,450,499,540,495,459,442,566,686,920,716,682,576,426,351,296,209,90,39,11,16
"종로구","교남동",10750,456,456,434,440,600,733,864,977,882,1033,844,773,657,492,413,323,220,90,35,13,15
"종로구","가회동",4464,80,136,168,183,238,263,267,350,354,443,378,341,333,269,233,211,108,64,30,5,10
"종로구","종로1.2.3.4가동",8539,123,155,124,179,492,670,582,583,546,700,690,886,859,610,469,378,232,136,56,31,38
"종로구","종로5·6가동",5853,67,66,90,196,602,762,451,309,292,402,501,537,440,342,301,238,146,60,31,11,9
"종로구","이화동",8460,128,160,200,308,969,1136,828,568,467,615,563,617,497,422,310,302,202,108,33,14,13
"종로구","창신1동",6046,79,100,99,179,458,434,332,332,323,472,616,746,632,413,309,261,152,57,31,12,9
"종로구","창신2동",9776,133,158,212,379,871,803,594,498,531,843,1043,1096,882,549,440,381,211,95,37,7,13
"종로구","창신3동",7230,222,194,257,311,496,555,522,516,435,586,654,665,589,397,290,256,147,87,26,14,11
"종로구","숭인1동",6508,135,197,185,231,405,487,429,504,430,599,590,633,501,382,278,255,157,69,21,12,8
"종로구","숭인2동",9965,150,162,141,251,789,1252,902,698,575,747,860,920,823,565,411,348,218,86,36,13,18
"종로구","청운효자동",12960,374,530,582,653,856,841,820,984,1070,1194,1109,917,793,598,543,495,348,157,52,26,18
"종로구","혜화동",20467,264,479,581,1132,4630,2776,1315,1026,1049,1312,1191,1143,907,687,633,618,415,203,64,20,22
"중구","소공동",3057,108,176,106,92,96,174,315,363,395,296,261,185,192,112,67,54,33,15,8,3,6
"중구","회현동",5812,98,140,119,135,231,326,325,331,356,455,483,656,648,506,326,263,185,100,63,24,42
"중구","명동",3649,44,82,80,108,193,288,273,270,258,312,315,322,322,253,192,156,91,55,19,7,9
"중구","필동",4904,103,109,69,145,784,579,397,332,255,281,324,324,364,253,184,168,102,70,39,13,9
"중구","장충동",5573,106,110,137,252,933,800,400,360,298,395,312,339,308,228,199,187,125,49,26,6,3
"중구","광희동",6427,93,105,97,153,633,675,569,482,385,428,473,611,531,405,301,233,141,60,29,9,14
"중구","을지로동",2012,27,31,20,23,112,177,187,138,103,108,163,213,210,192,117,80,57,21,20,3,10
"중구","신당5동",10969,303,344,253,365,731,1054,925,904,784,867,971,959,767,542,445,375,221,104,34,10,11
"중구","황학동",13779,487,350,235,342,898,1548,1630,1439,984,971,1005,1041,888,685,507,360,215,136,36,13,9
"중구","중림동",12925,610,474,361,429,692,907,1126,1319,1067,1017,1007,1036,824,623,517,397,280,138,49,23,29
"중구","신당동",9236,181,150,142,232,849,1019,817,711,577,740,844,913,668,430,363,294,159,85,42,12,8
"중구","다산동",15028,301,335,378,560,1148,1481,1246,1159,989,1222,1214,1222,1155,809,653,579,348,141,61,14,13
"중구","약수동",17696,579,644,488,579,920,1175,1169,1424,1250,1348,1437,1524,1492,1099,910,743,525,233,122,24,11
"중구","청구동",14379,400,438,401,553,885,1182,1192,1084,970,1135,1180,1230,1115,769,611,553,387,197,65,25,7
"중구","동화동",11023,389,423,408,487,679,883,658,788,759,902,1004,1015,827,550,415,351,268,144,43,15,15
"용산구","후암동",18377,480,583,596,771,1120,1546,1464,1500,1326,1612,1511,1524,1290,967,739,595,418,172,92,42,29
"용산구","용산2가동",11789,259,246,281,399,759,1228,1189,1076,816,907,823,839,870,625,517,414,306,134,60,19,22
"용산구","남영동",8395,126,133,112,192,479,654,632,538,522,736,872,946,812,568,404,293,189,90,42,21,34
"용산구","원효로2동",14578,459,539,587,747,871,1050,1016,1143,1129,1292,1213,1158,995,708,611,445,347,180,55,20,13
"용산구","효창동",10363,407,380,343,466,675,937,922,989,711,888,835,741,619,411,352,290,224,105,42,13,13
"용산구","용문동",12554,405,411,382,515,837,1050,1009,1054,879,1046,1062,972,879,650,513,434,261,113,53,16,13
"용산구","이촌1동",29428,1280,1750,1630,1484,1545,1517,1629,2350,2485,2875,2539,2032,1812,1181,986,909,721,435,177,56,35
"용산구","이촌2동",8926,324,258,251,288,453,582,698,835,603,673,699,728,773,534,415,364,249,124,45,16,14
"용산구","이태원1동",9191,190,183,190,221,631,1125,952,867,688,626,617,696,610,482,340,308,240,130,55,18,22
"용산구","이태원2동",10878,289,325,271,332,601,1016,1095,1096,822,903,735,739,744,506,459,436,282,135,59,19,14
"용산구","서빙고동",14164,350,584,731,900,979,909,766,927,1199,1526,1305,1049,855,560,425,404,409,195,71,14,6
"용산구","보광동",15997,293,324,350,525,1050,1631,1363,1351,1099,1360,1327,1363,1183,836,705,562,373,179,66,35,22
"용산구","청파동",20768,346,408,502,792,2043,2456,1857,1489,1286,1624,1607,1616,1406,976,803,765,464,188,74,31,35
"용산구","원효로1동",16737,770,705,443,481,917,1594,1922,1913,1457,1324,1136,1119,967,664,477,380,249,124,51,26,18
"용산구","한강로동",19884,603,549,504,568,1083,1849,2103,1859,1472,1506,1669,1631,1402,922,766,608,399,214,95,40,42
"용산구","한남동",24136,709,763,688,762,1176,2048,2283,2563,1980,2048,1882,1841,1667,1181,924,737,469,226,118,38,33
"성동구","왕십리2동",17755,642,614,557,724,1156,1545,1523,1567,1306,1482,1445,1434,1232,839,660,507,298,140,44,20,20
"성동구","마장동",23927,626,671,762,1045,2184,2612,1746,1648,1397,1841,1935,2013,1710,1226,951,774,462,221,71,15,17
"성동구","사근동",13625,238,215,248,698,3308,2602,1046,730,562,642,687,626,533,413,395,370,203,64,29,5,11
"성동구","행당1동",15887,482,566,461,647,1247,1508,1298,1265,1161,1241,1281,1300,1122,732,575,514,276,137,48,18,8
"성동구","행당2동",24543,923,1027,1068,1172,1541,1549,1801,2036,1988,2302,2083,1858,1558,1132,966,744,479,197,78,21,20
"성동구","응봉동",16066,524,719,937,811,931,870,975,1339,1408,1661,1320,1141,928,761,621,557,332,159,51,13,8
"성동구","금호1가동",15885,706,634,515,624,881,1011,1249,1630,1315,1309,1267,1150,1168,814,610,476,317,147,45,5,12
"성동구","금호4가동",15041,748,673,524,459,695,936,1266,1595,1352,1309,1101,1077,1038,721,600,469,284,131,39,15,9
"성동구","성수1가1동",17087,565,527,508,702,1121,1533,1566,1463,1159,1411,1597,1521,1298,755,525,403,257,117,41,9,9
"성동구","성수1가2동",14430,434,433,445,551,956,1377,1452,1248,1086,1180,1129,1105,1094,639,478,410,250,102,38,9,14
"성동구","성수2가1동",17683,463,470,422,576,992,1530,1448,1336,1177,1431,1526,1934,1570,1020,704,533,316,150,54,17,14
"성동구","성수2가3동",11673,322,300,246,326,840,1304,1125,984,731,846,941,1008,890,596,470,357,244,96,31,6,10
"성동구","송정동",11388,293,308,269,390,762,1039,858,901,818,909,1047,1101,979,623,447,308,195,90,36,7,8
"성동구","용답동",13284,245,302,292,542,1021,1293,938,898,888,1111,1293,1275,1008,681,580,464,304,111,29,5,4
"성동구","왕십리도선동",27756,1256,1220,744,941,2023,2579,2272,2715,2016,2129,2316,2211,1777,1169,854,735,479,194,77,26,23
"성동구","금호2.3가동",24029,1050,759,663,921,1373,1675,2059,2291,1883,2010,1893,1890,1727,1209,957,820,484,234,78,26,27
"성동구","옥수동",27134,1395,1304,840,886,1264,1841,2331,3038,2365,2157,1966,2043,1830,1259,976,737,515,228,107,25,27
"광진구","화양동",25628,237,251,252,721,5649,6001,2919,1729,1127,1191,1199,1092,984,750,589,454,291,108,46,17,21
"광진구","군자동",22174,490,562,489,747,2634,3032,2231,1808,1327,1438,1531,1574,1402,952,746,636,353,148,48,16,10
"광진구","중곡1동",16257,468,388,309,487,1057,1757,1622,1458,1124,1239,1333,1345,1262,830,648,498,264,106,42,12,8
"광진구","중곡2동",22613,592,727,708,794,1483,2513,2139,1969,1480,1717,1799,1929,1649,1084,848,617,357,119,67,13,9
"광진구","중곡3동",17191,391,435,437,626,1129,1622,1484,1324,1131,1373,1503,1608,1417,926,709,556,325,122,49,10,14
"광진구","중곡4동",30432,871,846,832,1288,2075,2520,2363,2373,2006,2412,2800,2721,2490,1705,1349,927,500,227,70,28,29
"광진구","능동",11991,344,290,241,337,822,1667,1555,1244,845,805,759,748,745,485,430,323,210,89,34,15,3
"광진구","구의1동",23156,525,470,501,791,1862,3076,2545,1992,1603,1788,1765,1737,1459,974,813,626,398,152,49,16,14
"광진구","구의2동",27772,909,1053,1113,1387,1737,2088,1930,2220,2116,2470,2331,2276,2028,1405,1124,768,495,202,67,27,26
"광진구","구의3동",29915,965,1036,1163,1517,2149,2667,2532,2301,2117,2627,2577,2389,2055,1326,957,712,453,243,99,20,10
"광진구","광장동",36051,1074,2471,3046,2606,2213,1916,1637,2491,3595,4361,3029,2301,1720,1176,803,673,543,255,103,29,9
"광진구","자양1동",24030,551,615,707,895,1789,2678,2145,1942,1767,1890,2033,2002,1732,1115,830,690,400,157,63,15,14
"광진구","자양2동",26694,824,987,891,1149,1736,2234,2097,2153,2092,2205,2204,2263,2083,1436,960,697,393,190,67,21,12
"광진구","자양3동",29264,1096,1352,1295,1409,1939,2166,2080,2403,2253,2497,2388,2377,2105,1376,881,714,498,311,87,25,12
"광진구","자양4동",22822,479,490,407,617,1777,2055,1781,1641,1388,1828,2143,2488,2112,1271,974,680,427,167,64,18,15
"동대문구","회기동",12961,200,320,300,528,3141,2165,930,696,689,709,619,599,541,425,367,340,229,94,46,12,11
"동대문구","휘경1동",16305,454,360,318,627,2628,2121,1189,1187,871,1032,1222,1026,942,726,599,475,305,145,51,19,8
"동대문구","휘경2동",25104,598,779,944,1262,2967,2630,1617,1571,1650,2009,1851,1739,1669,1251,1008,794,444,205,83,23,10
"동대문구","청량리동",21656,390,551,526,719,1222,1397,1264,1335,1259,1594,1818,2106,2187,1638,1342,1144,660,334,115,24,31
"동대문구","용신동",32455,701,732,659,889,2590,3767,2971,2570,2109,2402,2370,2701,2426,1683,1412,1199,764,327,110,49,24
"동대문구","제기동",27295,524,591,601,938,3172,2764,1839,1775,1495,1823,1938,2089,2194,1686,1409,1187,733,371,104,37,25
"동대문구","전농1동",31136,1021,990,866,1221,2282,2584,2174,2438,2097,2447,2497,2598,2466,1683,1365,1163,728,328,107,40,41
"동대문구","전농2동",19879,548,771,835,998,1358,1343,1073,1375,1452,1729,1731,1631,1487,1128,841,776,519,201,60,14,9
"동대문구","답십리2동",30393,982,953,967,1218,1844,2324,2253,2346,2128,2463,2566,2627,2354,1769,1348,1151,653,310,97,20,20
"동대문구","장안1동",39284,1327,1358,1276,1432,2237,3108,3130,3491,3208,3325,3092,3162,3024,2237,1664,1178,590,272,109,42,22
"동대문구","장안2동",33395,1358,1627,1490,1454,1873,2109,2203,3106,2901,2976,2563,2510,2372,1765,1296,944,485,233,84,30,16
"동대문구","이문1동",22067,359,444,561,975,4174,3017,1416,1125,1220,1484,1414,1325,1302,926,799,730,469,193,77,22,35
"동대문구","이문2동",21220,589,808,903,1036,1513,1524,1231,1490,1521,1848,1845,1620,1555,1177,994,793,477,198,75,15,8
"동대문구","답십리1동",29643,1450,1368,962,1078,1815,2333,2578,3052,2380,2352,2222,2194,1896,1255,1035,801,516,228,67,31,30
"중랑구","면목2동",25783,668,751,772,953,1581,1955,1754,1864,1779,2168,2523,2577,2111,1495,1105,890,485,236,82,23,11
"중랑구","면목4동",19887,543,631,588,744,1162,1473,1365,1563,1540,1636,1718,1691,1636,1225,1024,768,354,135,55,27,9
"중랑구","면목5동",9672,265,258,289,370,547,733,741,710,607,865,930,881,837,562,437,349,191,69,24,3,4
"중랑구","면목7동",22763,688,625,573,763,1298,1840,1816,1771,1537,1759,1936,2119,1985,1447,1092,770,429,221,63,19,12
"중랑구","상봉1동",25334,929,1035,957,1136,1692,2061,1839,1934,1724,1987,2246,2311,1975,1189,914,685,464,171,69,14,2
"중랑구","상봉2동",20044,487,367,346,555,1332,2594,2292,1855,1263,1444,1577,1626,1425,1014,755,587,307,137,53,17,11
"중랑구","중화1동",20832,684,685,647,784,1270,1790,1649,1723,1415,1522,1617,1931,1730,1264,867,619,403,156,61,10,5
"중랑구","중화2동",26823,596,564,497,828,1694,2255,1985,1943,1689,2107,2562,2786,2472,1624,1254,1020,601,235,80,14,17
"중랑구","묵1동",35969,1148,1500,1501,1722,2291,2691,2447,2807,2840,3204,2808,2863,2594,1920,1457,1081,686,270,93,25,21
"중랑구","묵2동",19822,589,606,601,709,1163,1657,1600,1631,1412,1583,1563,1718,1653,1253,841,660,373,141,44,14,11
"중랑구","망우3동",17835,431,496,521,772,1149,1339,1149,1209,1082,1494,1724,1735,1592,1070,846,604,350,178,67,12,15
"중랑구","신내1동",40670,1397,2258,1991,1887,2411,2706,2332,3153,3039,3120,3273,3513,3189,2175,1633,1188,783,392,162,53,15
"중랑구","신내2동",21729,686,793,850,987,1248,1466,1396,1687,1568,1779,1796,1897,1823,1315,945,663,485,243,78,18,6
"중랑구","면목본동",36088,926,919,884,1292,2369,3184,2912,2845,2405,2990,3333,3331,2835,1995,1602,1200,656,274,81,29,26
"중랑구","면목3.8동",26478,653,639,667,969,1719,2228,1887,1992,1674,2094,2401,2456,2330,1598,1314,952,565,225,85,19,11
"중랑구","망우본동",30949,772,808,855,1141,1927,2374,2032,2192,1980,2354,2790,3141,2872,2021,1467,1089,655,314,109,38,18
"성북구","돈암1동",15815,434,464,573,884,1098,1097,1039,1036,954,1396,1445,1366,1239,900,705,558,364,180,62,8,13
"성북구","돈암2동",24923,839,1339,1481,1453,1539,1467,1353,1802,2051,2650,2202,1851,1570,1065,791,667,438,245,94,15,11
"성북구","안암동",17574,257,276,310,780,3619,2872,1380,997,806,1027,1151,1050,862,630,544,501,300,143,44,11,14
"성북구","보문동",16617,543,490,418,643,1304,1694,1420,1402,1164,1390,1419,1238,1101,776,599,473,324,133,54,17,15
"성북구","정릉1동",19399,672,832,842,1063,1435,1216,1247,1570,1544,1838,1497,1400,1232,946,776,624,394,183,64,12,12
"성북구","정릉2동",23819,730,862,822,1166,1729,1645,1409,1757,1651,2078,1884,1921,1899,1405,1102,856,541,234,97,13,18
"성북구","정릉3동",17180,386,344,384,803,2526,1719,1139,944,903,1190,1237,1170,1207,948,791,708,478,180,93,21,9
"성북구","정릉4동",26547,815,1018,985,1294,1851,1706,1520,2017,1963,2418,2173,2081,2002,1552,1223,964,584,239,98,22,22
"성북구","길음1동",36971,1592,2677,2632,2249,1897,1641,1850,3241,3889,4208,2796,2058,1906,1323,1147,924,551,246,87,30,27
"성북구","길음2동",17226,732,774,637,806,1062,1152,1179,1468,1403,1603,1439,1305,1186,871,634,471,301,126,46,12,19
"성북구","월곡1동",27371,926,1306,1330,1345,1470,1646,1561,2150,2215,2587,2197,2127,1995,1473,1144,995,550,232,75,23,24
"성북구","월곡2동",20705,555,696,708,861,1814,1995,1470,1509,1374,1642,1551,1549,1502,1089,900,704,454,228,76,17,11
"성북구","장위1동",20571,443,587,681,989,1494,1553,1239,1262,1314,1725,1993,1957,1708,1221,906,742,482,182,64,16,13
"성북구","장위2동",14043,262,354,402,561,875,1018,812,848,877,1203,1278,1301,1192,964,818,628,379,164,59,22,26
"성북구","장위3동",18125,925,881,636,908,1159,1231,1234,1727,1367,1500,1473,1391,1248,856,635,499,289,102,38,13,13
"성북구","성북동",17615,389,489,549,748,1276,1624,1394,1275,1197,1553,1469,1380,1189,860,747,671,442,223,89,37,14
"성북구","삼선동",25048,531,762,865,1222,2327,2474,1868,1740,1724,2207,2030,1792,1605,1105,1016,854,555,233,83,21,34
"성북구","동선동",16379,276,344,367,716,2556,2448,1484,1092,975,1135,996,913,837,617,576,530,294,138,51,17,17
"성북구","종암동",41881,1212,1692,1800,2121,3656,3467,2580,2982,3091,3644,3342,3095,2764,1854,1584,1319,971,439,174,52,42
"성북구","석관동",36723,1028,1099,1057,1364,2654,3018,2483,2768,2388,3015,2995,3201,2984,2183,1751,1452,829,306,106,27,15
"강북구","번1동",19648,364,428,472,697,1500,1980,1497,1471,1410,1634,1596,1600,1503,1066,1007,753,432,148,63,20,7
"강북구","번2동",17041,358,429,492,693,1051,1138,876,1094,1115,1500,1404,1532,1479,1176,1071,909,465,182,60,11,6
"강북구","번3동",18094,441,593,637,818,1083,1009,802,1094,1258,1569,1375,1469,1433,1230,1325,1174,503,185,70,16,10
"강북구","수유1동",21734,510,609,616,812,1382,1828,1433,1508,1415,1699,1835,1959,1858,1360,1093,884,538,249,85,24,37
"강북구","수유2동",21931,516,627,629,886,1518,1626,1235,1382,1423,1817,1933,1943,1833,1377,1150,1007,629,279,94,22,5
"강북구","수유3동",24070,450,476,477,744,1838,2487,1859,1776,1514,1921,2093,2030,1981,1381,1170,980,564,219,71,25,14
"강북구","삼양동",25334,651,781,855,1215,1592,1678,1441,1762,1716,2227,2231,2269,2116,1576,1258,990,592,227,98,29,30
"강북구","미아동",22799,380,543,595,847,1847,2086,1558,1515,1396,1848,1913,2031,1915,1369,1101,961,567,221,77,19,10
"강북구","송중동",31331,755,891,989,1203,2067,2449,2127,2274,2227,2663,2584,2759,2500,1965,1531,1250,678,272,87,32,28
"강북구","송천동",28475,558,682,749,1017,1743,2157,1663,1859,1828,2337,2586,2735,2650,1870,1564,1269,756,299,95,37,21
"강북구","삼각산동",32668,1187,1994,2030,2078,1969,1513,1544,2488,3114,3692,2762,2221,1858,1374,1117,850,544,216,70,23,24
"강북구","우이동",21293,550,644,674,777,1354,1385,1289,1418,1405,1688,1822,1861,1808,1399,1165,1002,641,240,108,33,30
"강북구","인수동",32332,760,1008,1030,1253,1957,2293,1954,2188,2122,2624,2713,2840,2791,2118,1777,1409,924,371,142,40,18
"도봉구","쌍문1동",22236,536,722,711,1022,1590,1639,1267,1434,1508,1880,1868,1885,1896,1321,1094,943,562,231,91,18,18
"도봉구","쌍문2동",19875,544,599,580,904,1188,1511,1272,1522,1334,1575,1684,1731,1714,1233,916,721,474,248,80,29,16
"도봉구","쌍문3동",17197,414,479,445,637,1162,1467,1222,1265,1175,1376,1410,1459,1384,1030,882,733,403,173,59,16,6
"도봉구","쌍문4동",19699,507,803,958,1168,1327,1339,1116,1344,1301,1827,1759,1772,1665,1010,622,533,369,172,90,13,4
"도봉구","방학1동",29817,686,983,1033,1312,1988,2155,1623,1946,1967,2485,2725,2852,2633,1822,1453,1132,600,265,111,36,10
"도봉구","방학2동",21016,440,634,601,950,1391,1456,1128,1296,1326,1814,1986,1935,1921,1359,1071,859,508,214,91,18,18
"도봉구","방학3동",28522,834,1248,1367,1525,1753,1826,1543,1804,1908,2530,2395,2643,2547,1629,1038,834,598,346,123,22,9
"도봉구","창1동",26078,671,997,1083,1236,1686,1786,1649,1948,1949,2405,2239,2062,2035,1384,1070,905,563,290,90,21,9
"도봉구","창2동",30394,941,1060,1023,1353,1996,2280,2086,2378,2127,2626,2667,2628,2353,1639,1242,998,641,262,76,16,2
"도봉구","창3동",14641,396,478,492,637,929,991,815,1002,977,1271,1355,1343,1139,904,731,607,362,139,49,14,10
"도봉구","창4동",27696,786,1093,1260,1518,1958,1920,1558,1942,1989,2605,2566,2444,2112,1227,961,747,546,319,106,30,9
"도봉구","창5동",25685,761,875,881,1223,1755,1986,1781,1941,1607,2115,2223,2301,2097,1457,987,766,556,235,101,25,12
"도봉구","도봉1동",22141,409,542,533,757,1268,1492,1192,1343,1339,1757,1848,2088,2096,1744,1474,1159,688,281,86,29,16
"도봉구","도봉2동",28498,866,889,839,987,1607,1904,1734,2107,1892,2087,2179,2457,2788,2063,1608,1185,781,326,148,24,27
"노원구","월계1동",23781,599,752,810,1054,2394,1968,1426,1591,1703,1868,1824,1887,1753,1366,1139,815,501,208,90,20,13
"노원구","월계2동",27873,835,1009,991,1316,1749,1545,1458,1976,2107,2345,2348,2333,2398,1919,1359,1073,583,370,104,42,13
"노원구","월계3동",31378,1175,1275,1063,1212,1749,1957,2229,2723,2342,2465,2432,2498,2579,1927,1440,1103,729,325,122,19,14
"노원구","공릉2동",40688,1293,1790,2114,2612,3905,3038,2511,2912,3149,3694,3256,2870,2572,1701,1281,928,620,288,114,26,14
"노원구","하계1동",28864,541,710,1322,2186,3243,2235,1438,1415,1702,2791,2630,2404,2034,1367,1002,804,602,305,99,27,7
"노원구","하계2동",23183,595,1018,1397,1537,1732,1529,1235,1384,1858,2396,2091,1923,1460,924,758,589,443,219,68,23,4
"노원구","중계본동",25717,441,1262,2109,2482,1974,1417,840,1172,2080,3256,2635,2025,1447,802,626,498,382,173,61,22,13
"노원구","중계1동",27903,434,1642,2956,2922,1820,1244,789,1326,2626,4191,2690,1757,1247,725,518,466,316,163,44,15,12
"노원구","중계4동",21121,493,764,1029,1452,1466,1178,884,1201,1510,2182,1974,1680,1454,1133,1055,805,501,243,84,20,13
"노원구","상계1동",39942,1145,1400,1501,2010,2775,2791,2359,2741,2583,3374,3582,3644,3435,2285,1563,1296,826,377,161,46,48
"노원구","상계2동",21062,440,616,783,1229,1658,1713,1189,1287,1355,1907,2094,1948,1665,1113,764,646,388,172,64,19,12
"노원구","상계5동",25181,506,709,877,1315,1724,1792,1306,1482,1573,2334,2349,2271,2081,1536,1220,1037,594,307,116,27,25
"노원구","상계8동",23618,1441,1213,1029,1192,1249,1475,2323,2671,2044,1970,1690,1363,1252,942,683,469,350,181,61,16,4
"노원구","상계9동",21707,661,880,987,1297,1459,1304,1333,1603,1654,2061,1999,1656,1587,1132,780,578,419,214,81,19,3
"노원구","상계10동",16503,505,532,600,874,1210,1223,1281,1287,1144,1503,1581,1320,1224,804,532,353,300,153,60,12,5
"노원구","상계3.4동",27366,593,898,897,1303,1672,1601,1384,1664,1772,2387,2399,2505,2429,1788,1459,1318,816,316,100,38,27
"노원구","상계6.7동",34341,1260,1489,1466,1744,2290,2471,2375,2730,2664,3225,2959,2696,2267,1585,1106,865,617,357,137,31,7
"노원구","중계2.3동",36414,990,1310,1419,1999,2354,2120,2026,2496,2715,3478,2951,2801,2708,2053,1790,1496,989,491,177,37,14
"노원구","공릉1동",38853,1030,1287,1229,1698,3609,3481,2711,3012,2675,2976,3002,3022,3043,2232,1495,1177,678,333,109,39,15
"은평구","녹번동",38439,1329,1361,1074,1446,2215,2977,2978,3365,2794,3178,3046,3086,2852,2154,1751,1406,857,366,140,42,22
"은평구","불광1동",40613,1203,1378,1240,1615,2439,3053,2712,2989,2986,3390,3394,3497,3165,2305,1933,1588,1026,479,156,32,33
"은평구","갈현1동",24318,505,621,705,1099,1727,2147,1719,1643,1572,2085,2035,2118,2006,1407,1224,900,496,187,85,22,15
"은평구","갈현2동",30001,811,970,1076,1601,2131,2388,1987,2243,2214,2674,2590,2392,2156,1503,1273,987,630,247,95,15,18
"은평구","구산동",33673,890,1163,1278,1669,2205,2361,1915,2438,2288,3068,2879,2897,2660,1937,1578,1178,780,308,124,38,19
"은평구","대조동",27817,615,706,769,1049,1948,2761,2228,2174,2023,2291,2144,2142,2037,1486,1303,1073,698,237,89,22,22
"은평구","응암1동",25548,684,953,1108,1313,1518,1949,1752,2037,2149,2334,2009,1874,1733,1280,1120,849,558,200,89,30,9
"은평구","응암2동",25834,1440,1493,1086,1088,1278,1398,1933,2852,2483,2360,1802,1587,1540,1127,897,727,419,221,66,18,19
"은평구","신사1동",28396,858,907,955,1289,1771,2284,1985,2318,2050,2398,2313,2319,2231,1540,1228,1016,584,242,80,17,11
"은평구","신사2동",21686,582,691,808,1019,1370,1661,1345,1647,1538,1878,1798,1829,1777,1326,937,714,471,194,69,20,12
"은평구","증산동",16006,373,461,563,739,975,1188,1029,1115,1045,1345,1306,1423,1397,1005,795,656,350,160,53,19,9
"은평구","수색동",8808,242,221,225,349,542,662,543,649,502,680,777,830,839,579,434,345,220,117,36,11,5
"은평구","진관동",58032,1832,3332,4105,3380,3355,3893,3326,4083,5197,5890,4506,3836,3554,2547,1931,1441,981,445,183,56,159
"은평구","불광2동",29290,630,672,752,1216,1900,2478,2054,2063,1840,2401,2504,2617,2449,1822,1474,1255,734,289,102,25,13
"은평구","응암3동",25951,507,597,668,1094,1639,2086,1655,1829,1627,2234,2128,2270,2106,1654,1411,1211,761,323,99,33,19
"은평구","역촌동",48097,1354,1729,1693,2062,3113,3594,3195,3994,3746,4199,4021,3823,3467,2689,2142,1673,1002,404,128,44,25
"서대문구","천연동",18545,676,672,748,841,1125,1267,1161,1402,1322,1691,1546,1544,1261,904,784,702,538,226,82,23,30
"서대문구","홍제1동",24911,808,879,850,1149,1557,1700,1695,1925,1765,2150,2106,2063,1913,1333,1069,938,620,249,106,23,13
"서대문구","홍제3동",16266,405,412,468,736,1120,1108,1036,1014,957,1394,1448,1352,1351,974,830,763,571,214,76,17,20
"서대문구","홍제2동",14479,382,492,518,637,869,1034,987,978,943,1242,1286,1343,1138,743,689,568,388,157,62,18,5
"서대문구","홍은1동",23381,706,759,795,1115,1577,1527,1353,1635,1522,1994,2050,2049,1874,1335,1067,937,655,276,103,33,19
"서대문구","홍은2동",28262,632,826,968,1422,2235,2318,1832,1893,1806,2497,2435,2299,2152,1503,1245,999,709,321,110,39,21
"서대문구","남가좌1동",16576,885,1373,812,659,802,921,962,1740,1678,1461,1167,1055,920,674,548,429,291,131,42,11,15
"서대문구","남가좌2동",30061,1219,1399,1064,1431,2519,2268,2030,2538,2302,2541,2304,2050,1807,1373,1160,977,636,272,112,37,22
"서대문구","북가좌1동",18990,726,813,1056,944,1063,1171,1170,1438,1638,1788,1542,1488,1252,881,778,592,389,169,65,17,10
"서대문구","북가좌2동",33607,781,1036,1094,1537,2282,2702,2167,2416,2384,2905,2789,2824,2588,1928,1649,1280,779,316,112,28,10
"서대문구","충현동",18225,351,445,516,712,1322,1808,1389,1287,1239,1415,1562,1533,1474,938,776,625,437,232,89,39,36
"서대문구","북아현동",17456,767,752,533,631,1195,1375,1474,1645,1403,1429,1470,1415,1062,716,550,496,312,131,60,13,27
"서대문구","신촌동",24024,503,335,394,769,5681,5307,2394,1385,1009,1121,1115,964,818,612,555,470,346,134,68,19,25
"서대문구","연희동",41092,816,1110,1284,1620,3962,5057,3378,3038,2684,3202,2985,2848,2616,1817,1582,1481,956,432,156,38,30
"마포구","용강동",22386,944,1424,1186,813,1007,1423,1722,2238,2247,2218,1564,1465,1256,863,696,603,403,226,59,19,10
"마포구","대흥동",15177,331,306,372,576,2341,2087,1255,1107,941,1126,1027,909,829,560,443,447,289,133,47,27,24
"마포구","염리동",13298,429,551,588,581,1088,1300,1002,1113,1070,1202,1011,891,690,496,445,414,254,116,32,13,12
"마포구","신수동",23909,894,845,917,1109,1865,1925,1885,2074,1851,2224,1888,1692,1461,948,870,675,462,209,75,23,17
"마포구","서교동",25876,474,475,526,862,2785,3677,2885,2420,1911,1959,1714,1477,1324,941,866,695,491,245,105,20,24
"마포구","합정동",19031,802,456,444,594,1419,2374,2120,1848,1419,1314,1198,1284,1120,799,675,552,361,156,67,12,17
"마포구","망원1동",21705,591,591,621,779,1450,2187,2062,2110,1635,1784,1610,1533,1372,1060,901,719,426,192,59,18,5
"마포구","망원2동",19346,569,715,742,924,1216,1653,1474,1652,1563,1778,1536,1296,1259,917,801,646,364,154,57,14,16
"마포구","연남동",16818,376,347,367,551,1316,2169,1804,1585,1283,1279,1128,1039,1070,737,613,538,328,184,58,28,18
"마포구","성산1동",20169,460,620,705,836,1383,1941,1772,1838,1646,1902,1559,1394,1203,943,728,644,380,138,45,16,16
"마포구","성산2동",41447,1259,1529,1668,1989,2908,4021,3664,3385,3218,3697,3106,2662,2360,1802,1572,1315,740,359,145,34,14
"마포구","상암동",32589,1039,1823,2341,2029,2074,2330,1833,2449,2986,3590,2582,1916,1752,1209,960,774,511,268,85,21,17
"마포구","도화동",22544,779,810,790,912,1335,1841,1905,1896,1575,1847,1760,1833,1601,1086,861,713,539,291,107,36,27
"마포구","서강동",26021,954,1046,807,1058,2569,2723,2100,2285,2038,2179,1927,1791,1434,943,755,647,437,216,72,24,16
"마포구","공덕동",40430,1272,1158,1036,1570,2769,4058,3544,3285,2735,3346,3434,3482,2752,1782,1518,1232,907,341,129,39,41
"마포구","아현동",25340,1511,1175,799,820,1381,1840,2420,2907,2153,1923,1896,1937,1579,983,647,582,429,206,79,22,51
"양천구","목1동",32231,957,2161,2735,2458,1996,1579,1427,2209,3149,3957,2865,2108,1661,1128,777,523,299,152,66,18,6
"양천구","목2동",31383,940,965,1159,1523,2142,3041,2848,2730,2247,2555,2478,2607,2246,1477,980,671,438,221,80,23,12
"양천구","목3동",23058,820,629,619,994,1548,2180,2112,2051,1598,1770,1898,1934,1797,1120,807,533,359,199,54,20,16
"양천구","목4동",26774,561,990,1539,2037,2295,1935,1467,1580,1945,2922,2766,2126,1513,1072,850,577,343,187,46,16,7
"양천구","신월1동",21564,503,620,615,790,1255,1494,1371,1530,1515,1808,1938,2191,2030,1461,1074,724,393,158,64,18,12
"양천구","신월2동",21933,734,852,907,951,1273,1431,1425,1797,1729,1758,1670,1819,1925,1395,1015,628,345,195,60,17,7
"양천구","신월3동",16554,457,550,509,726,906,1246,1099,1109,1110,1339,1548,1582,1495,1047,752,567,319,124,47,9,13
"양천구","신월4동",18921,685,969,837,877,1116,1101,1061,1621,1574,1540,1488,1505,1512,1137,795,565,298,177,41,13,9
"양천구","신월5동",15495,473,597,633,755,950,1220,1072,1198,1173,1246,1329,1337,1207,847,608,445,238,118,28,13,8
"양천구","신월6동",6700,175,236,329,399,421,408,363,424,477,617,559,593,562,427,287,220,120,46,20,7,10
"양천구","신월7동",21487,559,686,621,878,1304,1502,1310,1537,1456,1707,1777,2021,1942,1493,1021,805,528,239,79,20,2
"양천구","신정1동",21460,596,1320,1609,1533,1410,1135,834,1402,1975,2287,1994,1592,1199,928,643,449,275,171,75,27,6
"양천구","신정2동",20708,417,999,1421,1581,1511,1303,851,1137,1714,2243,1980,1745,1312,869,588,484,299,174,46,20,14
"양천구","신정3동",48128,1541,2267,2551,2942,3152,2970,2743,3403,3797,4728,4340,3727,3317,2325,1728,1279,774,350,143,40,11
"양천구","신정6동",25301,762,1416,1815,1912,1815,1461,1207,1693,2132,2699,2446,1943,1471,1047,593,354,276,161,77,19,2
"양천구","신정7동",30684,812,1279,1676,1870,2070,1834,1551,1897,2312,3112,2742,2650,2261,1618,1138,806,614,277,118,30,17
"양천구","목5동",42889,1003,2636,4014,3687,2551,2141,1748,2503,4133,5360,3799,2882,2368,1553,1032,594,439,277,135,28,6
"양천구","신정4동",35262,923,1042,998,1475,2344,3118,2660,3038,2566,2936,2873,2924,2718,2100,1543,1071,561,242,87,28,15
"강서구","염창동",42421,1882,2449,2352,2228,2427,3238,3450,4019,3828,3968,3169,2883,2461,1590,1066,642,449,222,67,20,11
"강서구","등촌1동",23692,802,588,575,901,1470,3181,3191,2501,1625,1721,1544,1571,1297,842,637,462,408,242,110,19,5
"강서구","등촌2동",21707,694,786,683,1030,1360,2007,1801,1911,1484,1681,1756,1835,1682,1162,820,486,287,156,62,20,4
"강서구","등촌3동",32267,895,925,883,1399,1972,2392,2350,2403,1869,2301,2551,3111,3023,1999,1413,1078,888,510,245,46,14
"강서구","화곡본동",35791,1200,1381,1190,1439,2300,3565,3223,3527,2905,2957,2559,2503,2406,1746,1256,835,435,224,94,37,9
"강서구","화곡2동",19257,612,793,723,852,1083,1505,1440,1756,1586,1739,1489,1490,1430,1014,790,529,262,101,45,12,6
"강서구","화곡3동",22548,673,756,719,956,1410,1898,1689,1752,1605,1718,1674,1849,2013,1420,1047,713,350,194,73,17,22
"강서구","화곡4동",21902,632,683,636,813,1304,1722,1707,1956,1651,1737,1760,1894,1794,1327,981,656,388,178,68,9,6
"강서구","화곡6동",25196,714,680,777,988,1605,2513,2139,2067,1829,1967,1961,2138,2099,1463,964,654,351,192,72,16,7
"강서구","화곡8동",26304,794,807,749,981,1528,2393,2270,2395,2065,2075,1944,2107,2036,1497,1235,790,399,163,59,12,5
"강서구","가양1동",34147,916,970,844,1194,2675,5679,4653,3477,2319,2290,2132,2173,1960,1116,721,467,315,160,65,16,5
"강서구","가양2동",15032,303,263,188,311,671,1190,1443,1178,779,718,907,1560,1800,1352,890,619,458,273,103,23,3
"강서구","가양3동",16101,555,268,246,427,726,1242,1761,1496,1056,990,1094,1332,1478,1181,866,642,425,199,97,18,2
"강서구","발산1동",38458,1353,2417,2454,2696,2551,2223,1821,2875,3486,4034,3115,2641,2300,1520,1264,818,495,259,98,29,9
"강서구","공항동",28129,1402,1332,834,929,1602,2365,2380,2979,2270,2144,1968,2231,1954,1304,989,699,429,199,72,20,27
"강서구","방화1동",45464,1869,2754,2218,2084,2436,3108,3035,3907,4063,3894,3187,3507,3174,2324,1624,1105,688,317,132,25,13
"강서구","방화2동",23942,601,668,710,852,1383,2136,1920,1746,1606,1781,1810,2049,2071,1530,1189,914,562,279,85,25,25
"강서구","방화3동",24286,741,804,797,800,1122,1649,1789,2068,1762,1866,1812,2017,2257,1609,1181,912,603,307,138,43,9
"강서구","화곡1동",54449,1835,1339,1163,1557,3278,6011,5906,5400,4044,3890,3811,4183,4046,2953,2291,1432,804,335,118,36,17
"강서구","우장산동",44610,1537,2549,2765,2800,2628,2735,2501,3468,4241,4567,3562,3058,2784,2108,1525,922,477,233,96,31,23
"구로구","신도림동",36908,1728,2021,1847,1730,2171,2325,2895,3614,3356,3266,2697,2572,2302,1689,1192,725,474,200,73,23,8
"구로구","구로1동",21951,947,1078,1067,991,1297,1671,1947,2163,1901,1851,1567,1606,1538,962,581,374,219,128,46,15,2
"구로구","구로3동",26155,793,857,768,778,1430,2986,2883,2696,2251,2175,1782,1779,1617,1174,908,622,402,173,53,7,21
"구로구","구로4동",25986,646,610,596,745,1243,1912,1980,1926,1840,2266,2544,2934,2339,1443,1181,912,567,198,72,15,17
"구로구","구로5동",33318,1179,1013,819,1010,2069,3318,3191,3050,2327,2599,2767,3011,2449,1602,1226,870,497,221,80,20,NA
"구로구","고척1동",24080,654,815,916,1177,1702,1737,1480,1623,1693,2037,2049,2072,1985,1524,1111,796,434,180,72,18,5
"구로구","고척2동",28656,823,1184,1107,1316,1792,1957,1584,2020,2131,2513,2613,2473,2320,1617,1295,964,604,237,82,18,6
"구로구","개봉2동",32786,1274,1242,1122,1360,1776,2133,2263,2763,2534,2514,2389,2695,2796,2178,1705,1072,576,258,96,29,11
"구로구","개봉3동",21894,668,757,729,830,1286,1449,1483,1735,1638,1754,1822,1845,1936,1493,1024,704,447,208,61,16,9
"구로구","오류1동",23364,748,616,542,763,1487,2545,2473,2092,1616,1683,1564,1717,1700,1273,1044,758,491,163,62,21,6
"구로구","수궁동",24729,731,890,945,1183,1484,1705,1643,1892,1944,2082,2005,2102,2042,1445,1083,861,406,189,67,19,11
"구로구","가리봉동",15181,255,272,193,238,605,1005,1082,1018,977,1488,1986,2366,1599,733,544,362,251,131,37,17,22
"구로구","구로2동",34927,790,889,786,933,1721,2375,2481,2394,2269,3285,3859,4252,3143,1889,1513,1226,701,266,101,24,30
"구로구","개봉1동",33402,1051,1142,1038,1428,2032,2316,2211,2492,2330,2694,2808,3082,2836,2103,1631,1156,663,264,93,24,8
"구로구","오류2동",40608,1361,2485,2061,1852,2155,2664,2418,3240,3477,3523,3005,2973,2820,2130,1834,1348,749,353,124,28,8
"구로구","항동",14363,1461,944,539,480,618,997,1576,1975,1291,876,735,801,742,540,363,176,127,78,33,10,1
"금천구","가산동",24732,516,400,338,443,1674,4124,3240,2275,1565,1744,1962,2283,1678,932,706,440,236,122,30,15,9
"금천구","독산1동",44572,1825,1614,1125,1303,2741,4913,4672,4384,3323,3316,3368,3554,2997,1905,1404,1118,618,266,87,23,16
"금천구","독산2동",21225,545,598,603,763,1267,1650,1423,1463,1298,1816,2254,2360,1880,1224,913,614,313,154,53,18,16
"금천구","독산3동",29724,708,748,683,906,1698,2451,2195,2019,1862,2573,3203,3563,2647,1653,1178,823,475,213,86,18,22
"금천구","독산4동",18110,432,475,520,607,1065,1379,1213,1203,1156,1595,1928,2184,1541,1066,748,548,271,114,40,10,15
"금천구","시흥1동",36362,1044,1196,1069,1383,2099,2985,2578,2695,2612,3019,3267,3561,2929,2033,1589,1194,646,299,113,29,22
"금천구","시흥2동",22422,668,1019,1084,1135,1331,1270,1142,1478,1713,1967,1948,1946,1898,1244,1015,766,469,197,71,25,36
"금천구","시흥3동",11466,276,334,330,428,717,785,745,776,703,939,983,1135,1097,798,561,458,256,95,39,8,3
"금천구","시흥4동",22002,568,715,753,877,1269,1594,1420,1459,1432,1786,2065,2207,1999,1384,1059,718,426,190,48,19,14
"금천구","시흥5동",20755,493,575,612,933,1247,1414,1205,1305,1301,1804,1893,1996,1805,1339,1076,863,563,235,61,18,17
"영등포구","여의동",34736,1366,1750,1498,1421,1736,2311,2516,3016,2805,2782,2639,2534,2349,1732,1500,1171,919,470,142,57,22
"영등포구","당산1동",21498,725,524,455,640,1289,2396,2368,2013,1487,1577,1596,1636,1521,1117,825,623,428,187,57,19,15
"영등포구","당산2동",36430,1330,1348,1119,1152,2489,4885,4308,3580,2587,2451,2330,2374,2094,1487,1107,776,549,301,99,34,30
"영등포구","양평1동",18168,761,580,475,574,971,1883,2328,2109,1548,1361,1099,1056,987,794,610,503,310,138,54,18,9
"영등포구","양평2동",22736,996,774,714,986,1442,2303,2771,2350,1709,1771,1625,1505,1341,818,642,443,318,160,52,10,6
"영등포구","신길1동",19670,386,403,404,596,1170,2331,1879,1461,1317,1555,1584,1760,1513,1009,847,709,429,212,61,22,22
"영등포구","신길3동",18589,667,683,572,681,962,1318,1332,1480,1300,1550,1708,1778,1551,1014,768,630,360,157,57,13,8
"영등포구","신길4동",9873,168,205,309,337,595,737,612,607,610,840,945,1079,985,584,480,367,243,102,42,12,14
"영등포구","신길5동",11997,415,418,347,415,636,772,752,950,879,1003,1129,1278,1056,703,515,349,233,88,37,7,15
"영등포구","신길6동",19294,570,558,498,709,1200,1916,1636,1478,1281,1491,1586,1662,1550,1118,810,576,399,160,62,20,14
"영등포구","신길7동",20425,1054,1113,806,995,1338,1504,1557,1993,1599,1789,1700,1449,1245,794,582,420,276,146,46,8,11
"영등포구","대림1동",16229,373,390,398,555,908,1235,1076,1017,1096,1427,1660,1851,1401,945,763,596,326,138,48,11,15
"영등포구","대림2동",21101,512,515,408,450,835,1480,1654,1508,1460,1946,2419,2997,1944,992,824,596,364,138,40,13,6
"영등포구","대림3동",28328,830,788,787,945,1520,1950,2175,2109,1859,2453,2865,3277,2528,1494,1139,805,519,199,66,16,4
"영등포구","영등포본동",24596,862,854,599,869,1248,1690,1793,2031,1678,2066,2259,2535,2153,1363,1028,788,464,193,79,30,14
"영등포구","영등포동",27692,730,515,391,531,1787,4585,3959,2695,1761,1811,1801,1949,1756,1214,881,656,375,182,70,19,24
"영등포구","도림동",21423,698,595,457,602,1096,1762,1968,1894,1522,1840,1918,2119,1618,1056,857,687,441,200,60,16,17
"영등포구","문래동",31981,1484,1746,1578,1367,1575,2082,2597,3222,3033,2756,2112,1991,1939,1538,1158,851,542,259,95,31,25
"동작구","노량진2동",13749,207,216,234,409,829,1522,1128,949,796,972,1193,1416,1209,864,679,544,345,143,66,14,14
"동작구","상도1동",48023,1435,1745,1570,2013,6259,5313,3349,3428,3313,3417,3304,3175,2999,2089,1788,1297,874,410,160,51,34
"동작구","상도2동",29013,1207,1190,933,1064,1989,2580,2413,2600,2247,2307,2157,2087,1932,1375,1107,839,563,275,91,31,26
"동작구","상도3동",25905,722,690,735,1046,1732,2609,2320,2117,1803,2091,2012,1986,1839,1291,1141,914,534,204,84,21,14
"동작구","상도4동",29773,919,982,891,1134,1920,2743,2622,2455,2197,2371,2268,2365,2116,1556,1279,941,633,260,93,17,11
"동작구","사당1동",24012,458,439,379,626,1818,3560,2799,2074,1530,1511,1566,1834,1803,1293,1074,690,350,135,49,18,6
"동작구","사당3동",25849,1021,1206,814,886,1486,2081,1971,2329,2058,1925,1848,1986,1939,1522,1181,832,440,204,70,30,20
"동작구","사당4동",14856,431,368,332,459,965,1628,1351,1278,1053,1104,1021,1191,1124,853,728,495,289,114,53,12,7
"동작구","사당5동",13416,465,498,448,505,824,1254,1142,1126,1072,1046,1009,1040,926,700,559,392,242,102,39,16,11
"동작구","대방동",40002,932,1547,1973,2426,2900,3726,2886,2810,3128,3868,3253,2728,2348,1772,1393,1077,713,344,134,22,22
"동작구","신대방1동",26333,719,1076,1287,1387,1616,1825,1648,1817,2074,2625,2305,2335,1996,1249,909,716,442,204,81,17,5
"동작구","신대방2동",20636,672,861,865,895,1335,2204,1748,1719,1572,1788,1449,1348,1227,908,797,657,364,142,58,14,13
"동작구","흑석동",35474,1162,1317,993,1359,3968,3390,2422,2673,2434,2585,2689,2633,2282,1684,1364,1142,764,371,147,41,54
"동작구","노량진1동",32572,985,1089,939,1140,2312,3396,2913,2534,2165,2333,2332,2521,2400,1735,1348,1137,761,331,137,31,33
"동작구","사당2동",28189,958,929,792,961,1602,2254,2344,2389,2047,2154,2166,2301,2245,1649,1379,1017,548,296,90,33,35
"관악구","보라매동",26166,696,705,699,880,1962,3072,2450,2123,1753,1875,1778,1930,1949,1398,1222,883,477,211,78,15,10
"관악구","청림동",16127,755,682,561,639,897,1110,1205,1500,1313,1306,1218,1159,1110,849,666,551,355,166,55,8,22
"관악구","행운동",30194,654,658,624,852,2431,5255,3705,2554,1917,1912,1768,1895,1780,1397,1237,824,436,195,67,16,17
"관악구","낙성대동",17669,376,456,378,542,1967,3658,2276,1440,1087,1039,899,838,765,614,511,436,239,94,32,13,9
"관악구","중앙동",16005,228,233,242,459,1611,2917,1904,1208,861,989,1017,1042,937,750,611,537,286,124,31,9,9
"관악구","인헌동",27056,584,707,711,998,2142,3813,2973,2251,1846,1989,1821,1795,1588,1332,985,830,447,158,61,17,8
"관악구","남현동",18962,576,550,375,520,1418,2556,2231,1675,1238,1194,1343,1352,1279,924,762,535,261,109,48,13,3
"관악구","서원동",24106,415,377,361,592,2245,4404,2939,2053,1439,1503,1495,1597,1497,1091,823,692,388,135,37,14,9
"관악구","신원동",19708,356,397,402,530,1591,2865,2004,1483,1232,1383,1408,1507,1388,994,848,702,391,137,50,28,12
"관악구","서림동",24252,423,492,490,677,2202,3786,2678,2120,1576,1721,1592,1594,1485,1207,879,688,386,158,65,15,18
"관악구","신사동",26034,556,539,567,784,2223,3641,2501,1971,1656,2024,2126,2256,1737,1180,934,711,370,175,55,14,14
"관악구","신림동",22643,249,180,184,364,2661,5821,3625,2230,1387,1181,970,960,879,651,544,404,207,88,35,8,15
"관악구","난향동",16209,521,778,707,811,880,852,847,1201,1425,1662,1357,1292,1181,899,728,555,297,138,51,14,13
"관악구","조원동",19631,414,448,422,485,1408,2745,2074,1590,1260,1387,1507,1699,1448,978,701,522,334,136,51,13,9
"관악구","대학동",24638,355,455,415,687,2583,4200,2899,2142,1747,1896,1684,1486,1330,897,736,559,352,146,49,8,12
"관악구","은천동",35142,998,1355,1370,1315,2169,3463,2847,2884,2714,2837,2577,2594,2386,1912,1513,1212,629,242,82,26,17
"관악구","성현동",30823,910,1296,1453,1606,1918,1988,1843,2276,2411,2901,2569,2298,2133,1671,1369,1112,640,271,98,30,30
"관악구","청룡동",34924,648,651,685,1124,3868,7062,3965,2610,1980,2135,2047,2046,1906,1416,1208,844,450,180,63,16,20
"관악구","난곡동",28735,661,812,857,1195,1803,2416,1941,2023,1888,2406,2477,2731,2356,1709,1464,1052,586,238,87,19,14
"관악구","삼성동",25041,433,584,700,1024,1433,1706,1389,1545,1566,2129,2163,2365,2340,1774,1531,1149,727,292,132,31,28
"관악구","미성동",32597,865,1092,1132,1374,2127,2905,2308,2360,2302,2718,2633,2733,2591,2020,1505,1031,579,217,63,22,20
"서초구","서초1동",21502,681,950,977,989,1221,1690,1831,2009,1913,1976,1578,1399,1347,1056,801,515,310,161,74,20,4
"서초구","서초2동",18975,718,825,816,857,1085,1727,1964,1970,1648,1717,1332,1134,1028,771,618,378,204,97,53,16,17
"서초구","서초3동",31176,806,942,1140,1624,2294,2931,2688,2428,2213,2790,2479,2284,2077,1471,1262,861,506,238,90,35,17
"서초구","서초4동",32024,1081,2102,2222,1985,1912,1713,1653,2455,3070,3478,2700,1967,1711,1330,1081,746,458,215,100,29,16
"서초구","잠원동",35058,1116,1595,1989,2065,2225,2466,2472,2871,3042,3662,3187,2398,2031,1378,1039,655,451,252,102,42,20
"서초구","반포본동",12183,215,420,880,1104,879,632,425,509,871,1551,1261,831,674,560,572,410,237,104,25,13,10
"서초구","반포1동",33268,1205,2024,1968,1583,1816,2686,2701,3273,3411,3339,2263,1873,1732,1235,936,621,333,148,80,22,19
"서초구","반포2동",16400,651,1344,1573,1179,774,620,560,1157,1739,2077,1247,852,732,578,557,359,220,90,44,22,25
"서초구","반포3동",20343,747,1117,1385,1372,1196,1047,1062,1472,1920,2367,1767,1276,1130,813,647,490,300,142,66,13,14
"서초구","반포4동",20217,838,1066,1105,1138,1154,1256,1286,1680,1801,1973,1578,1321,1291,1009,778,429,252,163,71,23,5
"서초구","방배본동",21539,510,1050,1338,1567,1352,1356,1144,1400,1824,2278,1958,1509,1298,922,767,554,411,193,79,24,5
"서초구","방배1동",17739,611,633,562,836,1133,1460,1603,1585,1441,1469,1303,1184,1151,937,742,561,303,131,66,16,12
"서초구","방배2동",20856,592,672,761,930,1289,1733,1669,1597,1502,1702,1616,1698,1680,1152,988,657,345,167,68,25,13
"서초구","방배3동",22226,648,760,853,1239,1440,1550,1547,1589,1500,1903,1794,1919,1875,1287,999,630,378,200,83,25,7
"서초구","방배4동",23999,713,1023,1256,1420,1456,1813,1819,1928,2044,2375,1935,1584,1362,993,892,699,410,180,67,18,12
"서초구","양재1동",45707,1677,2849,2324,1955,2349,3201,3303,4002,4068,3876,3192,3208,3153,2406,1805,1122,640,359,171,41,6
"서초구","양재2동",23089,740,844,781,890,1287,2293,2348,2310,1882,2070,1699,1682,1489,1049,751,517,259,104,71,16,7
"서초구","내곡동",18500,894,1310,681,568,885,1135,1192,1839,1684,1319,1221,1344,1362,1044,886,550,324,172,67,13,10
"강남구","신사동",17487,439,618,833,947,1093,1344,1299,1333,1438,1737,1397,1110,982,820,796,613,404,186,70,18,10
"강남구","논현1동",23944,400,354,394,559,1568,3373,3327,2890,2133,1818,1477,1385,1338,1010,804,558,317,150,48,22,19
"강남구","논현2동",21858,547,629,541,788,1342,2258,2365,2403,1887,1856,1511,1424,1253,994,879,613,291,169,61,27,20
"강남구","삼성1동",14959,466,494,609,838,1034,1124,1144,1153,1177,1292,1270,1157,1050,749,603,426,214,87,52,14,6
"강남구","삼성2동",30674,1008,1545,1822,1674,1767,2274,2409,2892,3209,3363,2408,1631,1364,1064,951,710,347,139,65,20,12
"강남구","대치1동",25298,490,1660,2928,2679,1548,940,610,1107,2644,3651,2337,1377,1077,847,640,360,239,97,42,10,15
"강남구","대치4동",20770,332,509,934,1635,1566,1933,1775,1719,1788,2441,1946,1300,918,619,590,437,191,92,29,6,10
"강남구","역삼1동",36973,607,536,574,885,2396,5643,5741,4816,3272,2841,2307,2009,1795,1226,959,717,358,176,75,17,23
"강남구","역삼2동",37513,1143,1993,2786,2728,2159,2685,2536,3036,3923,4816,2999,1710,1444,1159,1054,690,367,162,74,28,21
"강남구","도곡1동",22651,678,1202,1188,1160,1426,1735,1668,1780,1919,2027,1838,1696,1493,1032,766,487,305,147,78,18,8
"강남구","도곡2동",34524,1048,1995,2339,2516,2208,1899,1612,2251,2989,3739,3120,2356,1924,1592,1267,795,487,225,118,26,18
"강남구","개포1동",6890,131,273,285,322,400,425,337,401,443,545,560,593,644,546,421,274,153,73,40,12,12
"강남구","개포4동",18282,496,663,747,924,1246,1439,1440,1433,1423,1630,1642,1485,1390,895,656,383,220,98,52,14,6
"강남구","일원본동",24358,807,1565,1799,1642,1432,1247,1274,1890,2162,2515,2061,1633,1607,1186,647,392,208,184,82,20,5
"강남구","일원1동",16407,365,444,534,761,1008,1387,1183,1236,1091,1170,1305,1399,1452,1096,816,558,328,166,82,21,5
"강남구","일원2동",18086,576,686,883,1012,1028,989,1181,1497,1536,1639,1388,1267,1325,1169,906,518,271,141,51,18,5
"강남구","수서동",15798,444,253,239,424,725,998,1239,1292,898,846,1023,1405,1800,1515,1144,717,439,239,117,36,5
"강남구","세곡동",45060,1733,3147,2472,2072,2382,3089,3148,4191,4081,3687,3144,2915,2796,2048,1559,1113,756,460,202,55,10
"강남구","압구정동",27802,882,1396,1445,1453,1644,1663,1574,2094,2370,2667,2219,1776,1652,1478,1381,1035,608,281,129,39,16
"강남구","청담동",29479,1028,1372,1113,1372,1903,2328,2219,2704,2540,2567,2375,2051,1879,1375,1158,719,423,187,104,38,24
"강남구","대치2동",38575,612,1468,2948,3686,2842,2343,1727,1791,2968,4714,3875,2879,2276,1750,1274,719,363,205,90,24,21
"강남구","개포2동",22510,739,949,1130,1536,1558,1447,1380,1567,1653,2101,2035,1856,1600,1313,820,397,221,126,62,11,9
"송파구","풍납1동",15332,419,373,462,541,898,1019,1129,1151,1018,1232,1314,1526,1485,992,722,550,313,122,47,11,8
"송파구","풍납2동",25805,946,1093,1025,1144,1654,2215,2070,2263,2003,2136,1939,1869,1898,1323,953,624,354,192,75,21,8
"송파구","거여1동",13163,289,429,451,644,896,940,872,858,898,1195,1174,1229,1067,785,656,412,219,104,32,10,3
"송파구","거여2동",16852,509,587,614,831,910,1008,1001,1297,1178,1548,1516,1404,1366,1016,854,595,341,172,72,18,15
"송파구","마천1동",20562,412,714,794,926,1226,1303,1057,1311,1340,1788,1900,1832,1910,1356,1029,836,465,241,89,16,17
"송파구","마천2동",20108,428,578,620,871,1204,1317,1150,1270,1267,1692,1833,2098,1876,1333,976,795,460,193,84,30,33
"송파구","방이1동",16450,480,660,748,1001,1168,1348,1179,1195,1233,1545,1405,1343,1064,813,501,335,230,134,48,12,8
"송파구","방이2동",26408,730,566,560,822,1677,3377,3185,2723,1875,1901,1875,1977,1828,1294,890,580,314,155,60,17,2
"송파구","오륜동",18837,400,1022,1442,1429,1207,1080,810,1040,1599,1917,1669,1454,1300,1066,635,337,186,159,70,15,NA
"송파구","오금동",41029,1595,1490,1435,2026,2873,3026,2902,3146,2741,3356,3636,3608,3339,2255,1459,964,618,358,151,42,9
"송파구","송파1동",25801,767,629,613,845,1646,3056,3194,2585,1852,1789,1863,1928,1748,1304,864,586,309,136,59,18,10
"송파구","송파2동",20848,753,942,881,1109,1423,1587,1427,1708,1556,1627,1663,1799,1636,1120,687,430,266,143,63,17,11
"송파구","석촌동",34097,968,875,888,1181,2008,3825,4009,3464,2574,2617,2529,2623,2261,1633,1167,781,426,180,60,22,6
"송파구","삼전동",32400,832,946,967,1164,1975,3533,3611,3377,2670,2688,2360,2402,2078,1464,1044,640,369,161,87,20,12
"송파구","가락본동",27833,915,824,809,1197,1921,2514,2599,2397,1865,2212,2371,2570,2162,1342,926,566,362,192,66,14,9
"송파구","가락1동",28032,1557,1644,1166,1150,1639,2094,2720,2933,2289,2045,1989,2074,1831,1304,800,411,209,114,45,14,4
"송파구","가락2동",33776,1114,1595,1747,1954,2179,2604,2371,2650,2691,3099,2759,2717,2379,1565,999,629,389,221,81,24,9
"송파구","문정1동",21304,752,697,692,953,1423,2009,1878,1833,1346,1657,1707,1866,1704,1168,704,432,259,138,55,19,12
"송파구","문정2동",30070,916,867,643,932,1741,3692,4286,3663,2331,2001,1792,1780,1762,1355,935,604,427,226,90,18,9
"송파구","잠실본동",29537,719,677,789,1134,1915,3358,3374,2992,2261,2373,2218,2162,1999,1389,952,629,353,160,53,17,13
"송파구","잠실4동",22136,1163,1902,1329,980,1018,1063,1206,2242,2405,1963,1513,1400,1350,1036,698,436,243,99,56,15,19
"송파구","잠실6동",17479,711,832,883,869,984,1129,1120,1457,1362,1411,1347,1345,1412,968,682,429,274,168,66,19,11
"송파구","잠실7동",10153,265,362,493,630,684,617,520,597,686,809,891,792,766,664,554,348,252,148,58,15,2
"송파구","잠실2동",36784,1453,3000,3320,2661,1917,1374,1511,3060,4409,4508,2887,1813,1576,1217,896,608,313,147,61,22,31
"송파구","잠실3동",35931,1401,2069,2011,1999,2164,1994,1999,2854,3044,3311,2823,2495,2573,2040,1518,828,444,221,109,22,12
"송파구","장지동",31815,1302,1295,1301,1716,2012,2361,2437,2667,2434,2625,2627,2640,2281,1548,1072,684,407,254,116,31,5
"송파구","위례동",28341,2224,2562,2048,1455,1363,1376,1997,3196,3131,2480,1779,1469,1284,779,558,293,166,99,62,17,3
"강동구","강일동",31982,918,1743,2438,2037,2125,1827,1420,2015,2707,2886,2713,2305,2208,1519,1157,882,586,327,127,26,16
"강동구","상일동",27636,1560,1974,1524,1361,1462,1516,1757,2746,2688,2210,1995,2094,1871,1284,743,417,237,121,52,17,7
"강동구","명일1동",26538,1004,1155,1201,1484,1615,1707,1971,2254,1948,2380,2103,2062,2003,1442,985,560,348,191,92,21,12
"강동구","명일2동",17589,349,845,1226,1351,1088,1144,875,1024,1333,1815,1415,1407,1382,1005,614,306,193,128,67,17,5
"강동구","고덕1동",26753,1241,2072,2014,1432,1318,1274,1487,2489,2879,2630,1830,1749,1635,1038,673,407,270,167,101,20,27
"강동구","고덕2동",21130,1085,1294,953,916,1142,1194,1553,2120,1763,1748,1631,1615,1562,1054,673,381,241,124,66,11,4
"강동구","암사2동",15521,792,661,504,572,883,1155,1366,1564,1238,1224,1073,1212,1032,800,624,444,214,110,35,6,12
"강동구","암사3동",18517,817,1310,1010,934,1036,969,1083,1649,1732,1565,1407,1296,1292,1004,593,424,224,96,49,19,8
"강동구","천호1동",28223,790,785,793,1134,1702,2241,2006,2209,1979,2277,2255,2624,2532,1775,1336,906,523,219,97,27,13
"강동구","천호3동",27543,805,690,563,848,1596,2590,2458,2457,1901,2095,2207,2460,2375,1628,1237,823,459,241,72,25,13
"강동구","성내1동",20468,752,865,821,990,1217,1538,1539,1835,1708,1751,1514,1588,1454,1109,806,480,290,133,58,16,4
"강동구","성내2동",25187,632,575,563,745,1441,2637,2330,2143,1824,1920,1936,2258,2100,1484,1136,732,433,188,77,16,17
"강동구","성내3동",23887,699,675,776,1188,1605,2097,1766,1901,1744,1993,1995,2083,1833,1304,975,670,340,154,67,11,11
"강동구","둔촌1동",279,NA,7,4,4,11,12,4,24,30,25,18,17,28,28,28,11,7,5,6,2,8
"강동구","둔촌2동",27520,861,1063,994,1362,1842,2128,2004,2100,1928,2147,2244,2430,2294,1616,1085,673,390,229,94,23,13
"강동구","암사1동",36492,1123,1244,1234,1601,2252,2759,2591,3063,2756,3035,3102,3113,2868,2076,1573,1058,608,272,115,25,24
"강동구","천호2동",35714,1029,895,853,1146,1886,3212,3228,3204,2522,2729,2964,3301,2930,2047,1572,1150,626,249,107,39,25
"강동구","길동",46063,1211,1426,1333,1815,2856,4148,3744,3752,3313,3591,3700,3974,3911,2798,1956,1275,690,364,138,46,22
