고유번호,읍면동코드,읍면동명,읍면동영문명,위도,경도,여의도,양재,상암,하남
76,11140108,수하동,Suha-dong,37.5674173,126.984642,0.078509024,0.110275258,0.104890884,0.226658898
84,11140102,다동,Da-dong,37.5678826,126.9811936,0.075699997,0.112275364,0.101423743,0.230137384
85,11230107,청량리동,Cheongnyangni-dong,37.5883148,127.0460899,0.142980267,0.120042074,0.166932521,0.172043709
86,11230110,이문동,Imun-dong,37.5994013,127.0624708,0.162473952,0.133572532,0.184521816,0.161051952
87,11260106,신내동,Sinnae-dong,37.6102524,127.1011551,0.202230011,0.156465162,0.224427204,0.133193173
88,11110156,종로3가,Jongno 3(sam)-ga,37.5703825,126.9923929,0.086755032,0.109757793,0.112531492,0.219519685
92,11110145,송현동,Songhyeon-dong,37.5770464,126.9819269,0.081178112,0.120113684,0.102131941,0.231053328
97,11215109,군자동,Gunja-dong,37.5532424,127.0734923,0.159913476,0.093102591,0.194585099,0.136685287
5,11170105,남영동,Namyeong-dong,37.5428503,126.9733899,0.059456699,0.095720659,0.09816351,0.235294538
8,11140110,수표동,Supyo-dong,37.5674664,126.9894371,0.0828052,0.108252969,0.109677717,0.221934512
9,11140164,무학동,Muhak-dong,37.5642292,127.0152228,0.105481757,0.09721553,0.135603828,0.195968744
101,11470101,신정동,Sinjeong-dong,37.5163358,126.8530247,0.063805918,0.187222146,0.062469186,0.355687706
10,11140106,남대문로1가,Namdaemunno 1(il)-ga,37.5675948,126.9831121,0.077242295,0.111127909,0.103354,0.228197534
19,11650104,원지동,Wonji-dong,37.4449934,127.049594,0.15954103,0.028446921,0.21241168,0.180725329
20,11410102,충정로3가,Chungjeongno 3(sam)-ga,37.5622877,126.9621679,0.056539527,0.117921205,0.082942493,0.248177808
12,11110114,내자동,Naeja-dong,37.575276,126.971827,0.071990904,0.123304098,0.091976106,0.240631185
13,11110102,신교동,Singyo-dong,37.584442,126.9676997,0.075030707,0.133303683,0.08859063,0.246503657
15,11650103,우면동,Umyeon-dong,37.4660631,127.0178628,0.121459427,0.016507589,0.174403244,0.201383219
16,11170118,원효로4가,Wonhyoro 4(sa)-ga,37.532933,126.9506456,0.035555459,0.105231711,0.081185714,0.257758803
17,11140130,남산동3가,Namsan-dong 3(sam)-ga,37.5600001,126.9873836,0.077880369,0.102420316,0.108249303,0.222875684
1,11230104,전농동,Jeonnong-dong,37.5802851,127.0556709,0.14895126,0.113478345,0.175946967,0.160402434
2,11230109,휘경동,Hwigyeong-dong,37.5881848,127.0643272,0.159803187,0.123076774,0.185087149,0.154908557
3,11320107,창동,Chang-dong,37.6463131,127.04338,0.172528673,0.177684035,0.179287548,0.201165518
4,11140162,신당동,Sindang-dong,37.556819,127.0154305,0.103579902,0.089914948,0.136475751,0.194653282
6,11200102,하왕십리동,Hawangsimni-dong,37.5643661,127.0285933,0.118280989,0.09565647,0.148942605,0.182827347
7,11305101,미아동,Mia-dong,37.6219876,127.0235677,0.141611269,0.15348147,0.151888938,0.20589653
11,11140123,회현동3가,Hoehyeon-dong 3(sam)-ga,37.560059,126.9840941,0.074862367,0.104014542,0.104976231,0.226145617
14,11110123,서린동,Seorin-dong,37.569505,126.9803078,0.075742603,0.114123759,0.100473732,0.231274663
18,11140109,장교동,Janggyo-dong,37.5674834,126.9870578,0.080685183,0.109272113,0.107300392,0.224285023
23,11140144,장충동2가,Jangchung-dong 2(i)-ga,37.55526,127.0003341,0.088603023,0.092765268,0.121709163,0.209444051
25,11140141,주자동,Juja-dong,37.5606513,126.989397,0.079991372,0.102102146,0.110175655,0.220964905
27,11140101,무교동,Mugyo-dong,37.5680651,126.9788674,0.073771073,0.113550089,0.099091501,0.232463065
29,11215103,구의동,Guui-dong,37.5436014,127.0931657,0.178470098,0.095236527,0.215260301,0.115891867
30,11350103,공릉동,Gongneung-dong,37.6304774,127.0884816,0.199905575,0.170502341,0.216440082,0.155638946
31,11110153,돈의동,Donui-dong,37.5720312,126.9906468,0.0859807,0.11195098,0.110763036,0.221535517
44,11110125,중학동,Junghak-dong,37.575195,126.9799523,0.078502089,0.11933243,0.100096533,0.232632387
45,11110107,적선동,Jeokseon-dong,37.5752845,126.9739369,0.073668626,0.122258967,0.094085449,0.238558757
48,11110126,종로1가,Jongno 1(il)-ga,37.5706982,126.980334,0.076380208,0.115165064,0.100468648,0.231449131
55,11110116,도렴동,Doryeom-dong,37.5727248,126.9746762,0.072758542,0.1196686,0.094790201,0.237371745
56,11110142,소격동,Sogyeok-dong,37.5797855,126.981012,0.082029874,0.122978738,0.101371482,0.232506309
65,11410112,대현동,Daehyeon-dong,37.5613992,126.9453104,0.04290272,0.128259792,0.06639919,0.264808878
73,11650110,염곡동,Yeomgok-dong,37.4631455,127.0527369,0.153360609,0.019467579,0.204663852,0.169914153
36,11170111,청파동3가,Cheongpa-dong 3(sam)-ga,37.5433004,126.9666026,0.052929582,0.100497931,0.091576003,0.242095795
37,11260103,중화동,Junghwa-dong,37.600464,127.0784467,0.177501996,0.138855863,0.200487528,0.147228531
43,11410108,영천동,Yeongcheon-dong,37.5701581,126.9583199,0.058359809,0.126516602,0.07847622,0.253085573
38,11260104,묵동,Muk-dong,37.6125348,127.0803388,0.184265759,0.150913313,0.204365724,0.151671875
39,11260105,망우동,Mangu-dong,37.6003767,127.1056492,0.202778218,0.149696386,0.227449085,0.123830879
40,11410105,냉천동,Naengcheon-dong,37.5674955,126.9620152,0.059468897,0.122178286,0.082296159,0.249033529
41,11170117,원효로3가,Wonhyoro 3(sam)-ga,37.5343201,126.9577323,0.042721385,0.100599822,0.086808703,0.250685329
42,11650107,반포동,Banpo-dong,37.5045831,127.0021767,0.090916271,0.047921174,0.139998917,0.207941115
46,11110144,사간동,Sagan-dong,37.5772363,126.9805779,0.080181705,0.12087631,0.100792462,0.232413222
47,11410104,미근동,Migeun-dong,37.5635697,126.9673972,0.061627655,0.115850334,0.087989845,0.24315741
49,11410110,북아현동,Bugahyeon-dong,37.5636974,126.9549002,0.051542358,0.123570211,0.075556657,0.255565191
50,11410111,홍제동,Hongje-dong,37.5873266,126.94728,0.064943951,0.146883929,0.068955537,0.267069555
51,11170119,효창동,Hyochang-dong,37.543576,126.9607221,0.047306372,0.104736365,0.085934407,0.247982725
52,11650109,내곡동,Naegok-dong,37.4583407,127.0770851,0.177444107,0.044226765,0.227977062,0.150203688
21,11260101,면목동,Myeonmok-dong,37.5819253,127.0902095,0.182348525,0.126199886,0.210524194,0.128589756
22,11260102,상봉동,Sangbong-dong,37.6001601,127.0832212,0.181788031,0.140167886,0.205176362,0.142885108
24,11110124,수송동,Susong-dong,37.5738606,126.9805797,0.078280399,0.117858647,0.100699991,0.231767348
26,11170120,도원동,Dowon-dong,37.538784,126.9562609,0.041863291,0.104649721,0.083581073,0.252250217
28,11110104,효자동,Hyoja-dong,37.5827038,126.9718981,0.076846194,0.129734126,0.092550546,0.242030429
32,11110151,묘동,Myo-dong,37.5725522,126.9918438,0.087281143,0.111973753,0.111957949,0.22045605
33,11110121,신문로2가,Sinmunno 2(i)-ga,37.5710316,126.9692509,0.06736857,0.121021858,0.089381133,0.242432002
34,11650101,방배동,Bangbae-dong,37.4790075,126.9959104,0.095989531,0.039541203,0.149152625,0.218819896
35,11650102,양재동,Yangjae-dong,37.468455,127.0362466,0.136244296,0.002156901,0.187944023,0.183252338
59,11320108,도봉동,Dobong-dong,37.6852416,127.0298657,0.192314729,0.216413617,0.187487721,0.235760982
61,11140104,을지로1가,Euljiro 1(il)-ga,37.5659055,126.9805717,0.074204818,0.110834921,0.100917056,0.230445899
62,11170113,원효로2가,Wonhyoro 2(i)-ga,37.5363505,126.9634639,0.048622716,0.097710366,0.09115425,0.244987909
63,11170115,산천동,Sancheon-dong,37.5357089,126.9515061,0.03667533,0.106273926,0.080624877,0.256931351
64,11410109,현저동,Hyeonjeo-dong,37.5741171,126.9547307,0.058612849,0.131837783,0.07485746,0.257262501
70,11110168,동숭동,Dongsung-dong,37.58161,127.0051704,0.103327507,0.116400026,0.125598354,0.209371879
71,11170112,원효로1가,Wonhyoro 1(iI)-ga,37.5399032,126.9675517,0.053172519,0.097357,0.093611976,0.241002194
72,11410106,천연동,Cheonyeon-dong,37.5678141,126.9597564,0.057908177,0.123779511,0.080021847,0.251314648
74,11110128,관훈동,Gwanhun-dong,37.5741579,126.9847959,0.081993749,0.116272935,0.104919549,0.227680111
75,11110129,견지동,Gyeonji-dong,37.5737344,126.9830947,0.080327032,0.116623944,0.103213539,0.229272245
77,11140115,남대문로2가,Namdaemunno 2(i)-ga,37.5638636,126.9820397,0.074577181,0.108338282,0.102538189,0.228694702
78,11110141,안국동,Anguk-dong,37.5774765,126.9838446,0.083003457,0.119682886,0.104066673,0.229260275
79,11140117,남대문로4가,Namdaemunno 4(sa)-ga,37.5606911,126.9755026,0.067311082,0.108941665,0.096372142,0.234748136
80,11140103,태평로1가,Taepyeongno 1(il)-ga,37.5675677,126.9773826,0.072238642,0.113848599,0.097633437,0.233851525
81,11650111,신원동,Sinwon-dong,37.4451504,127.0596521,0.168024052,0.03484246,0.220439744,0.171875514
66,11410101,충정로2가,Chungjeongno 2(i)-ga,37.5649689,126.9639845,0.059551774,0.118976425,0.08445632,0.246727518
67,11200108,응봉동,Eungbong-dong,37.5505366,127.0348586,0.1213114,0.08166985,0.156554386,0.174607284
68,11650106,잠원동,Jamwon-dong,37.5153035,127.0093893,0.095520211,0.052613422,0.141666799,0.199648687
69,11110146,가회동,Gahoe-dong,37.5828064,126.9848647,0.0869241,0.124131273,0.105460706,0.229399656
53,11170125,한강로2가,Hangangno 2(i)-ga,37.5312807,126.9686035,0.053455942,0.090492086,0.097924735,0.239795501
54,11170130,이태원동,Itaewon-dong,37.538862,126.9922782,0.0775403,0.081550311,0.117385633,0.216254317
60,11200118,송정동,Songjeong-dong,37.5541037,127.0621614,0.148834185,0.089724818,0.183225126,0.148010431
57,11170128,한강로3가,Hangangno 3(sam)-ga,37.5280446,126.9632299,0.048164903,0.092349648,0.094569749,0.245190237
58,11170129,이촌동,Ichon-dong,37.5188354,126.9651352,0.051418726,0.085186992,0.100859273,0.243581088
128,11170114,신창동,Sinchang-dong,37.5358397,126.9549627,0.040120444,0.10369379,0.083652699,0.253477603
134,11140107,삼각동,Samgak-dong,37.5679302,126.9847933,0.078882527,0.110666315,0.105017273,0.226591967
142,11140116,남대문로3가,Namdaemunno 3(sam)-ga,37.5616684,126.9794385,0.071278137,0.107715845,0.100165712,0.230970427
146,11110122,청진동,Cheongjin-dong,37.5715373,126.9802938,0.076786786,0.115926317,0.100414943,0.23163316
152,11110143,화동,Hwa-dong,37.5806863,126.9826101,0.083850287,0.12311452,0.103031373,0.231134574
162,11110171,명륜2가,Myeongnyun 2(i)-ga,37.5846181,126.9991752,0.099736282,0.120910962,0.119879612,0.215919565
170,11110106,통의동,Tongui-dong,37.5779984,126.9727225,0.074391516,0.125219362,0.092985586,0.240265513
174,11110157,인의동,Inui-dong,37.5726289,126.9980205,0.092790022,0.109862666,0.118134548,0.214406549
183,11110170,명륜1가,Myeongnyun 1(il)-ga,37.5889535,126.9974079,0.100688276,0.125572925,0.118635731,0.218735737
188,11140113,북창동,Bukchang-dong,37.5624854,126.9782509,0.070570854,0.109024387,0.098897461,0.23225616
100,11110133,익선동,Ikseon-dong,37.574232,126.9897103,0.086244361,0.114342734,0.109834502,0.222869909
103,11140122,회현동2가,Hoehyeon-dong 2(i)-ga,37.5585169,126.9827612,0.07303948,0.103321442,0.103853075,0.227277666
104,11200107,행당동,Haengdang-dong,37.5591737,127.0352497,0.123386624,0.090310641,0.155954442,0.175384239
203,11140157,산림동,Sallim-dong,37.5676122,126.9961709,0.088956254,0.105787123,0.116397685,0.215318272
105,11200109,금호동1가,Geumho-dong 1(il)-ga,37.5530419,127.0213783,0.108514789,0.085132336,0.142856183,0.18828441
106,11110148,계동,Gye-dong,37.5829045,126.9868772,0.088603899,0.123437005,0.107473418,0.227461313
109,11110154,장사동,Jangsa-dong,37.5692358,126.9942544,0.087910284,0.107997024,0.114421918,0.217485097
108,11140132,충무로4가,Chungmuro 4(sa)-ga,37.5623108,126.995975,0.086719286,0.100930606,0.11655608,0.214680832
110,11110158,예지동,Yeji -dong,37.5695052,126.9984621,0.091827887,0.106769109,0.118620079,0.213391404
111,11140131,저동1가,Jeo-dong 1(il)-ga,37.5642498,126.9878913,0.08002782,0.10599681,0.108338098,0.222961227
112,11140105,을지로2가,Euljiro 2(i)-ga,37.5657158,126.986263,0.079184447,0.108029434,0.106608327,0.224791746
82,11110130,와룡동,Waryong-dong,37.5809142,126.9927443,0.092323622,0.119443204,0.113154298,0.221296389
83,11305104,우이동,Ui-dong,37.6632405,126.9992181,0.156795401,0.197480966,0.149771144,0.247334683
89,11140120,봉래동2가,Bongnae-dong 2(i)-ga,37.5567475,126.9713413,0.061856999,0.108004055,0.092842189,0.238423493
90,11110152,봉익동,Bongik-dong,37.572373,126.9930161,0.088228626,0.111369762,0.113130679,0.219270936
91,11110108,통인동,Tongin-dong,37.5798178,126.9700651,0.073552045,0.128116064,0.090456819,0.243229356
93,11110105,창성동,Changseong-dong,37.580573,126.9723675,0.075779654,0.127640772,0.092813049,0.241127034
94,11140133,충무로5가,Chungmuro 5(o)-ga,37.5625808,126.9995908,0.09019341,0.099873272,0.120134703,0.211143568
95,11170134,주성동,Juseong-dong,37.5215716,127.0002868,0.085646017,0.062632426,0.130820664,0.20833778
96,11140159,초동,Cho-dong,37.564601,126.9923477,0.084238979,0.104451831,0.11275547,0.218608142
98,11440107,마포동,Mapo-dong,37.536882,126.943622,0.029097075,0.113213649,0.073128075,0.264836594
99,11110127,공평동,Gongpyeong-dong,37.5713261,126.9832335,0.079187998,0.114401513,0.103357103,0.228701715
102,11470102,목동,Mok-dong,37.5367323,126.8764165,0.039170938,0.17169403,0.036169488,0.332027533
107,11110138,종로2가,Jongno 2(i)-ga,37.5707645,126.9863062,0.081568881,0.11255934,0.106438442,0.225578149
118,11110120,신문로1가,Sinmunno 1(il)-ga,37.5703732,126.9740722,0.070929715,0.11793998,0.094215807,0.237568051
121,11200115,성수동2가,Seongsu-dong 2(i)-ga,37.5407489,127.0571063,0.142299376,0.075461822,0.180083718,0.151589724
122,11320106,방학동,Banghak-dong,37.6646494,127.0334847,0.178592973,0.195780463,0.17899949,0.219969719
123,11350102,월계동,Wolgye-dong,37.6295557,127.0562532,0.172179297,0.162201511,0.18529431,0.181134212
129,11140136,묵정동,Mukjeong-dong,37.5614488,127.0005452,0.090699909,0.098482349,0.121185894,0.210034103
130,11140149,을지로7가,Euljiro 7(chil)-ga,37.566416,127.0095181,0.10083534,0.100603021,0.12978602,0.20196355
131,11140156,입정동,Ipjeong-dong,37.5677264,126.992771,0.085919978,0.107159483,0.112996059,0.218689142
132,11140172,의주로2가,Uijuro 2(i)-ga,37.5606655,126.9695132,0.061985206,0.112257493,0.090436209,0.240688333
133,11140173,만리동1가,Malli-dong 1(il)-ga,37.5558883,126.9669832,0.057548234,0.109913044,0.088711519,0.242668384
135,11140150,을지로4가,Euljiro 4(sa)-ga,37.566393,126.9977069,0.089868859,0.104102727,0.117991463,0.21360058
136,11140167,정동,Jeong-dong,37.5661453,126.9733062,0.068009831,0.114725841,0.093652325,0.237666425
137,11110155,관수동,Gwansu-dong,37.5690609,126.9904495,0.084423549,0.109298685,0.11062453,0.2212026
138,11200101,상왕십리동,Sangwangsimni-dong,37.5684665,127.0255499,0.116621192,0.099965399,0.145726428,0.186595336
139,11170122,문배동,Munbae-dong,37.5371288,126.9690034,0.054214795,0.094343722,0.095967247,0.239467428
140,11170123,신계동,Singye-dong,37.535453,126.9646994,0.049760239,0.096197215,0.092645887,0.2437356
141,11170126,용산동3가,Yongsan-dong 3(sam)-ga,37.5321655,126.9762897,0.061154045,0.085742758,0.104592341,0.232111051
124,11110173,명륜3가,Myeongnyun 3(sam)-ga,37.5873096,126.9930707,0.096203889,0.125354717,0.114119215,0.222502553
125,11140170,충정로1가,Chungjeongno 1(il)-ga,37.5668791,126.9680884,0.064015149,0.118183233,0.088396578,0.242935423
126,11140119,봉래동1가,Bongnae-dong 1(il)-ga,37.5589096,126.9729614,0.064245495,0.108851859,0.094096609,0.237055147
127,11110101,청운동,Cheongun-dong,37.5890286,126.9685157,0.078919795,0.136906265,0.090114955,0.246740241
113,11140111,소공동,Sogong-dong,37.5638976,126.9799891,0.072759001,0.10936856,0.100492439,0.230729353
114,11170121,용문동,Yongmun-dong,37.5377219,126.9597098,0.045081782,0.101385158,0.087165109,0.248773034
115,11650108,서초동,Seocho-dong,37.4885178,127.0171248,0.110427794,0.025984859,0.16101871,0.195992493
119,11410103,합동,Hap-dong,37.5613616,126.9662486,0.059496298,0.11472829,0.087108283,0.244013692
116,11170124,한강로1가,Hangangno 1(il)-ga,37.5358426,126.9730991,0.058161518,0.090609602,0.100248348,0.235344442
117,11170132,동빙고동,Dongbinggo-dong,37.5235803,126.995177,0.080360956,0.067160652,0.125332355,0.213360401
120,11200114,성수동1가,Seongsu-dong 1(il)-ga,37.5431193,127.0416554,0.127096318,0.074629687,0.164457984,0.167164519
151,11170135,용산동6가,Yongsan-dong 6(yuk)-ga,37.5168611,126.9842128,0.070473842,0.069245018,0.118346837,0.224648383
153,11170136,보광동,Bogwang-dong,37.5268849,127.0017003,0.086643825,0.06646363,0.130157425,0.206745082
154,11140138,필동2가,Pildong 2(i)-ga,37.5577913,126.9949767,0.084239238,0.097159552,0.116056811,0.215064585
155,11140139,필동3가,Pil-dong 3(sam)-ga,37.5577553,126.9973738,0.086503003,0.096185315,0.118438906,0.212681508
156,11140142,예장동,Yejang-dong,37.5551793,126.9897761,0.078481025,0.09703898,0.111283587,0.219927065
157,11200105,마장동,Majang-dong,37.5670762,127.0407445,0.13070507,0.098428702,0.160958004,0.171436709
158,11110161,종로4가,Jongno 4(sa)-ga,37.5706899,126.9979792,0.091896862,0.108047084,0.118110907,0.214081512
159,11305102,번동,Beon-dong,37.6292269,127.036379,0.156100135,0.16037267,0.166377264,0.197958607
160,11140125,충무로2가,Chungmuro 2(i)-ga,37.5617555,126.9877459,0.078886706,0.10382293,0.108417284,0.222749909
161,11140126,명동1가,Myeong-dong 1(il)-ga,37.5644525,126.9844713,0.077020497,0.107712584,0.104912748,0.226373787
163,11110176,교남동,Gyonam-dong,37.5684349,126.9644739,0.06198964,0.121511899,0.084697129,0.246741019
164,11110135,관철동,Gwancheol-dong,37.5691978,126.9859065,0.080462815,0.111315648,0.10607949,0.225703092
165,11110136,인사동,Insa-dong,37.5720605,126.9859554,0.081906783,0.113881831,0.106071545,0.22615373
166,11110137,낙원동,Nagwon-dong,37.5725546,126.9886246,0.084467564,0.113230904,0.10873875,0.223619544
167,11140124,충무로1가,Chungmuro 1(il)-ga,37.5610267,126.9826398,0.073914473,0.10556561,0.103418701,0.227712614
143,11140118,남대문로5가,Namdaemunno 5(o)-ga,37.5563671,126.9763016,0.066248208,0.104880248,0.097795072,0.233450999
144,11320105,쌍문동,Ssangmun-dong,37.6525541,127.0273717,0.165519105,0.183808387,0.167699494,0.217904042
145,11200113,옥수동,Oksu-dong,37.5420259,127.0219996,0.107429528,0.074154786,0.145393687,0.186709814
147,11110140,삼청동,Samcheong-dong,37.5898785,126.9813798,0.088692716,0.132006215,0.102931487,0.23446402
148,11140121,회현동1가,Hoehyeon-dong 1(il)-ga,37.5571575,126.9816994,0.071547483,0.102682279,0.102998189,0.228173579
149,11140161,저동2가,Jeo-dong 2(i)-ga,37.5643088,126.9899006,0.081882547,0.105189374,0.110336816,0.220983053
150,11170131,한남동,Hannam-dong,37.5374384,127.0060971,0.091183686,0.074077452,0.131053774,0.202396102
178,11140135,예관동,Yegwan-dong,37.5640814,126.9980377,0.089287952,0.101822713,0.118468177,0.21290575
179,11110174,창신동,Changsin-dong,37.5760033,127.0135246,0.108227302,0.109096867,0.133678559,0.199944084
180,11200122,용답동,Yongdap-dong,37.5624296,127.0550851,0.143446801,0.095877604,0.175501926,0.156449502
181,11215105,자양동,Jayang-dong,37.5323755,127.0744811,0.159339043,0.075240679,0.198736364,0.133922513
182,11110175,숭인동,Sungin-dong,37.5766752,127.0190652,0.113556349,0.108852696,0.139234963,0.194703531
184,11560122,문래동4가,Mullae-dong 4(sa)-ga,37.5144685,126.8901537,0.029905936,0.151024495,0.059164269,0.318688186
191,11110139,팔판동,Palpan-dong,37.5827295,126.9805795,0.083478689,0.125823852,0.101188295,0.233560318
192,11200110,금호동2가,Geumho-dong 2(i)-ga,37.5525166,127.0217884,0.108810652,0.084552166,0.143335532,0.187816903
193,11110149,원서동,Wonseo-dong,37.5841834,126.9880867,0.090334422,0.12416588,0.108804675,0.226578844
194,11140114,태평로2가,Taepyeongno 2(i)-ga,37.5632359,126.9764068,0.069274127,0.110620481,0.096987101,0.234184934
195,11110103,궁정동,Gungjeong-dong,37.5849071,126.9724095,0.078719934,0.131430699,0.093320727,0.242009558
196,11110182,구기동,Gugi-dong,37.6179518,126.9621624,0.098946274,0.165543706,0.093882719,0.261050259
197,11110183,평창동,Pyeongchang-dong,37.6139675,126.9743016,0.101986437,0.156948151,0.10302633,0.248276986
204,11110117,당주동,Dangju-dong,37.5715788,126.9738252,0.071404745,0.119104015,0.093946315,0.238012921
185,11140128,남산동1가,Namsan-dong 1(il)-ga,37.5591789,126.9847188,0.075102144,0.102942528,0.105705647,0.225415336
186,11200112,금호동4가,Geumho-dong 4(sa)-ga,37.5452026,127.0229976,0.108794431,0.077140107,0.145735936,0.185924618
187,11140112,남창동,Namchang-dong,37.5580671,126.9775968,0.068106029,0.105603624,0.098805606,0.232353312
189,11170127,용산동5가,Yongsan-dong 5(o)-ga,37.5256032,126.9740049,0.059092691,0.082666097,0.105260505,0.234462446
190,11110132,운니동,Unni-dong,37.576392,126.9883159,0.086162691,0.116875627,0.108491552,0.224662207
168,11140127,명동2가,Myeong-dong 2(i)-ga,37.5630105,126.9852881,0.077144983,0.106056423,0.105849745,0.22535819
169,11140134,인현동2가,Inhyeon-dong 2(i)-ga,37.5641432,126.9962711,0.087673847,0.102519652,0.116701802,0.214660867
171,11110115,사직동,Sajik-dong,37.5753838,126.9658263,0.067439343,0.12653294,0.08598111,0.246552371
172,11110169,혜화동,Hyehwa-dong,37.587822,127.0023228,0.104118931,0.123131134,0.123362829,0.213696531
173,11110150,훈정동,Hunjeong-dong,37.5742191,126.9940707,0.090034543,0.112708386,0.114194344,0.218590395
175,11110131,권농동,Gwonnong-dong,37.576109,126.9917564,0.0889586,0.11530709,0.111921268,0.221235373
176,11110134,경운동,Gyeongun-dong,37.5752459,126.9864008,0.083931176,0.116592918,0.106544391,0.226313076
177,11140129,남산동2가,Namsan-dong 2(i)-ga,37.5583248,126.9858848,0.075870491,0.10163543,0.106973826,0.224153644
199,11170101,후암동,Huam-dong,37.5503851,126.9805049,0.06820213,0.097572347,0.103071243,0.228694856
201,11170102,용산동2가,yongsan-dong  2(i)-ga,37.5430767,126.9858631,0.07175687,0.088523036,0.1100489,0.222849202
205,11140140,남학동,Namhak-dong,37.5605244,126.9909105,0.081351835,0.101333382,0.111693949,0.219447986
202,11230102,용두동,Yongdu-dong,37.5762335,127.0348716,0.128022324,0.107366061,0.155025081,0.179259629
206,11200111,금호동3가,Geumho-dong 3(sam)-ga,37.5499287,127.0195552,0.106128238,0.082358592,0.141518948,0.189763937
207,11140152,주교동,Jugyo-dong,37.5682735,126.998942,0.091754795,0.10544786,0.119139566,0.212701523
208,11440105,용강동,Yonggang-dong,37.5412882,126.9404514,0.027356455,0.118406401,0.068242721,0.268135042
209,11440112,현석동,Hyeonseok-dong,37.5422601,126.9345406,0.022480187,0.123709965,0.062576712,0.274079072
210,11110178,송월동,Songwol-dong,37.5701811,126.9653066,0.063716031,0.122476934,0.08545877,0.246187846
212,11140158,충무로3가,Chungmuro 3(sam)-ga,37.5622482,126.9919612,0.08296732,0.102458264,0.112564752,0.218644327
214,11110118,내수동,Naesu-dong,37.5733668,126.9721015,0.07104953,0.121520023,0.092217664,0.240019071
217,11230106,장안동,Jangan-dong,37.5711171,127.0674265,0.157501802,0.107531978,0.187547479,0.146497493
218,11215101,중곡동,Junggok-dong,37.5630636,127.0883253,0.176140001,0.108671822,0.208663552,0.124213155
219,11215102,능동,Neung-dong,37.5511328,127.0818921,0.167967596,0.095123007,0.203157868,0.128057663
220,11350105,상계동,Sanggye-dong,37.6664734,127.0723253,0.207575986,0.201260986,0.214055534,0.191827093
222,11230105,답십리동,Dapsipni-dong,37.5699332,127.0551216,0.145316401,0.103220239,0.175257997,0.158079943
198,11140171,중림동,Jungnim-dong,37.5591646,126.9655627,0.057802312,0.113378082,0.086744756,0.24443386
211,11110172,명륜4가,Myeongnyun 4(sa)-ga,37.5823905,126.999806,0.099092458,0.118596125,0.120308084,0.21476722
213,11680108,논현동,Nonhyeon-dong,37.5138347,127.0317062,0.117798115,0.045029979,0.162845382,0.177550348
215,11290103,돈암동,Donam-dong,37.5971818,127.0178324,0.122224173,0.129342684,0.140095879,0.201645197
216,11500112,오곡동,Ogok-dong,37.5534112,126.7831642,0.1338928,0.264822671,0.098633239,0.425811148
221,11140169,의주로1가,Uijuro 1(il)-ga,37.5637065,126.9684915,0.062629675,0.11533592,0.089064294,0.242091149
227,11140137,필동1가,Pil-dong 1(il)-ga,37.561147,126.9924128,0.082977719,0.101268798,0.113121892,0.218043648
239,11110159,원남동,Wonnam-dong,37.575484,126.9976454,0.093778778,0.112683943,0.117791482,0.215342723
247,11140168,순화동,Sunhwa-dong,37.5623459,126.9708088,0.063934441,0.112904022,0.091514419,0.239614665
252,11110162,효제동,Hyoje-dong,37.5733424,127.0034706,0.097995312,0.108878286,0.123586093,0.209203826
260,11110165,이화동,Ihwa-dong,37.5773254,127.0054705,0.101559862,0.112178165,0.125668367,0.208090434
273,11110167,충신동,Chungsin-dong,37.574766,127.0059174,0.100817565,0.109589751,0.126047764,0.207101961
279,11140163,흥인동,Heungin-dong,37.5676493,127.0160091,0.107350608,0.100427671,0.13621807,0.195800316
285,11560113,당산동3가,Dangsan-dong 3(sam)-ga,37.526241,126.8974284,0.018319778,0.148252349,0.049693338,0.311011165
286,11530102,구로동,Guro-dong,37.4937929,126.8849584,0.047828012,0.151239271,0.079104895,0.325603908
289,11710105,석촌동,Seokchon-dong,37.502828,127.1041069,0.191029976,0.077781182,0.234865921,0.108099252
291,11545103,시흥동,Siheung-dong,37.4497033,126.9106965,0.081306705,0.124912735,0.126830935,0.308672847
292,11560117,당산동,Dangsan-dong,37.534892,126.9024679,0.013298207,0.147288197,0.044068525,0.305952611
293,11410119,북가좌동,Bukgajwa-dong,37.5791085,126.9117177,0.048342429,0.164734022,0.032463497,0.300514376
294,11560132,신길동,Singil-dong,37.5058261,126.9126514,0.025186044,0.126975602,0.074500821,0.296839569
295,11560131,양화동,Yanghwa-dong,37.5489947,126.8900753,0.03092803,0.164838479,0.025834544,0.31881712
296,11710109,장지동,Jangji-dong,37.4785724,127.1320169,0.22308879,0.098366568,0.269140458,0.09279348
297,11740110,강일동,Gangil-dong,37.5676689,127.1720391,0.259509842,0.169647112,0.292197021,0.051452493
200,11290117,동선동2가,Dongseon-dong 2(i)-ga,37.5900467,127.0197107,0.120137009,0.122031589,0.140892305,0.197632691
298,11500108,공항동,Gonghang-dong,37.5528356,126.8112163,0.106224777,0.238203148,0.071494852,0.397768062
229,11230108,회기동,Hoegi-dong,37.594437,127.0521251,0.15099976,0.126849892,0.173600934,0.168559662
230,11110119,세종로,Sejongno,37.5794898,126.9770085,0.078668499,0.124497413,0.097357112,0.236362627
231,11170109,청파동1가,Cheongpa-dong 1(il)-ga,37.5488937,126.9671721,0.05505096,0.104341521,0.090483539,0.241870262
232,11530106,고척동,Gocheok-dong,37.502438,126.8586172,0.06328702,0.178694022,0.073444061,0.350967585
233,11530108,오류동,Oryu-dong,37.4922507,126.8372029,0.086996755,0.198310211,0.091101973,0.373240649
234,11680111,세곡동,Segok-dong,37.4644483,127.1066379,0.202687524,0.072642598,0.251281582,0.121736023
235,11680112,자곡동,Jagok-dong,37.4766387,127.1001169,0.192759204,0.066442634,0.240283475,0.121280405
237,11530112,항동,Hang-dong,37.4810222,126.8236562,0.104199474,0.210824326,0.107578009,0.388009356
238,11545101,가산동,Gasan-dong,37.4754693,126.8842387,0.063456118,0.150036504,0.097363044,0.328926966
240,11230103,제기동,Jegi-dong,37.5847824,127.0368405,0.133091801,0.115944087,0.157416184,0.179712376
223,11200103,홍익동,Hongik-dong,37.5671038,127.0327203,0.123022741,0.098243914,0.152938006,0.179297231
224,11110180,교북동,Gyobuk-dong,37.5714262,126.9613042,0.061430026,0.125783033,0.081428719,0.250337457
225,11170110,청파동2가,Cheongpa-dong 2(i)-ga,37.5462385,126.9666851,0.053773669,0.102638683,0.090753227,0.242177301
236,11110113,필운동,Pirun-dong,37.5768799,126.967704,0.069837546,0.12680123,0.087915763,0.244979373
226,11530101,신도림동,Sindorim-dong,37.5105874,126.8830734,0.037959959,0.15671132,0.062229283,0.325982005
228,11530103,가리봉동,Garibong-dong,37.4830168,126.887363,0.055350823,0.147447225,0.090029223,0.324641195
242,11140174,만리동2가,Malli-dong 2(i)-ga,37.5542553,126.9643231,0.054443758,0.110288951,0.086435659,0.245156368
241,11110184,부암동,Buam-dong,37.5934957,126.9672852,0.081473354,0.141420622,0.089831102,0.249015359
243,11560127,양평동3가,Yangpyeong-dong 3(sam)-ga,37.5296813,126.8897889,0.025388793,0.156628118,0.044177919,0.318614031
248,11140143,장충동1가,Jangchung-dong 1(il)-ga,37.5610374,127.0076398,0.097280699,0.095898698,0.128288219,0.20295495
244,11410118,홍은동,Hongeun-dong,37.5933419,126.9395751,0.067060599,0.156313413,0.063146124,0.27589845
245,11710108,문정동,Munjeong-dong,37.4856663,127.1237432,0.213439786,0.091173688,0.258934919,0.096154848
249,11140145,광희동1가,Gwanghui-dong 1(il)-ga,37.5650378,127.0051836,0.096293499,0.100429776,0.125533802,0.206002836
246,11410120,남가좌동,Namgajwa-dong,37.5766943,126.9185075,0.045929257,0.158096939,0.038823914,0.293429709
250,11140146,광희동2가,Gwanghui-dong 2(i)-ga,37.5639442,127.0083467,0.098886418,0.098508284,0.128761134,0.202704016
251,11110160,연지동,Yeonji-dong,37.5737459,127.0001194,0.095167056,0.110252779,0.12023765,0.21256788
253,11110163,종로5가,Jongno 5(o)-ga,37.5707296,127.0033502,0.096782254,0.106408525,0.123480486,0.208812222
254,11110164,종로6가,Jongno 6(yuk)-ga,37.5722418,127.0072739,0.100980859,0.10680346,0.127388855,0.205257122
255,11110147,재동,Jae-dong,37.5781586,126.9852528,0.084552069,0.119720419,0.105506294,0.22802046
256,11215104,광장동,Gwangjang-dong,37.5477291,127.1042141,0.189813684,0.105501368,0.225717504,0.105477926
261,11410115,봉원동,Bongwon-dong,37.5726345,126.9472294,0.052649049,0.135346909,0.067343475,0.264425941
257,11350106,중계동,Junggye-dong,37.6508772,127.0775077,0.201885501,0.187104906,0.212510093,0.177312859
258,11110181,행촌동,Haengchon-dong,37.5744857,126.9626521,0.064477158,0.127529472,0.082784614,0.249518845
259,11110185,홍지동,Hongji-dong,37.6005798,126.956785,0.081181916,0.152740697,0.081785018,0.260987136
262,11110110,누하동,Nuha-dong,37.5793623,126.9680055,0.071718668,0.128767224,0.088368362,0.245158074
263,11140147,쌍림동,Ssangnim-dong,37.5637681,127.0045496,0.095255279,0.099401456,0.124985673,0.206424549
264,11140148,을지로6가,Euljiro 6(yuk)-ga,37.567505,127.0070795,0.098954644,0.102277039,0.127300979,0.204555497
265,11140151,을지로5가,Euljiro 5(o)-ga,37.5668186,127.0021802,0.094156454,0.103027753,0.122437229,0.209261375
266,11440106,토정동,Tojeong-dong,37.5388869,126.9396827,0.025804744,0.117569804,0.068712002,0.268824401
267,11140153,방산동,Bangsan-dong,37.5685483,127.0031304,0.095702795,0.104387445,0.123315492,0.208627221
268,11140154,오장동,Ojang-dong,37.5644435,127.0010469,0.092219417,0.101137458,0.121444278,0.209989935
269,11110186,신영동,Sinyeong-dong,37.6030533,126.9618054,0.085933987,0.152433611,0.087349799,0.256830892
270,11170104,갈월동,Garwol-dong,37.5449357,126.9730564,0.059586952,0.097549861,0.097229237,0.235739379
271,11440118,당인동,Dangin-dong,37.5447269,126.9194336,0.014486992,0.137511939,0.048460977,0.289278848
272,11110166,연건동,Yeongeon-dong,37.5784882,126.9996742,0.097006641,0.114905839,0.119926278,0.214000391
274,11110177,평동,Pyeong-dong,37.5676735,126.9668353,0.063440103,0.11954375,0.087096496,0.244292187
275,11110179,홍파동,Hongpa-dong,37.5711594,126.9641514,0.063427288,0.123935975,0.084280129,0.24748441
276,11140165,황학동,Hwanghak-dong,37.5685914,127.0204705,0.111866728,0.100652569,0.140645551,0.191599728
290,11290131,보문동2가,Bomun-dong 2(i)-ga,37.5858496,127.0183007,0.116880497,0.118045727,0.139034607,0.197780058
299,11500109,방화동,Banghwa-dong,37.5773667,126.814752,0.110633752,0.244741171,0.065298473,0.396337507
300,11500110,개화동,Gaehwa-dong,37.5865739,126.8031382,0.125089323,0.259251653,0.077985511,0.409017727
301,11560134,양평동,Yangpyeong-dong,37.5326108,126.8899608,0.025247049,0.157631367,0.041369711,0.318441048
302,11290133,정릉동,Jeongneung-dong,37.6167753,126.9983569,0.119583372,0.152169946,0.12639186,0.226781538
303,11500105,마곡동,Magok-dong,37.574112,126.8309811,0.094617914,0.228791071,0.048924282,0.379842365
311,11140160,인현동1가,Inhyeon-dong 1(il)-ga,37.5645365,126.9945521,0.086238471,0.103530138,0.114958818,0.21641986
318,11440116,하중동,Hajung-dong,37.5438506,126.9279703,0.018232244,0.12996912,0.056092856,0.280711023
319,11560106,영등포동5가,Yeongdeungpo-dong 5(o)-ga,37.5210399,126.9068175,0.012899572,0.137586958,0.058289699,0.301754757
326,11290126,보문동4가,Bomun-dong 4(sa)-ga,37.5829039,127.021382,0.118283998,0.114744245,0.141860934,0.19401556
329,11290127,보문동5가,Bomun-dong 5(o)-ga,37.5824037,127.0201558,0.116962795,0.114390469,0.140602634,0.195066069
330,11440125,성산동,Seongsan-dong,37.5662175,126.9039248,0.037069613,0.162572845,0.02490666,0.306473956
331,11620102,신림동,Sillim-dong,37.4630314,126.9347745,0.070637656,0.099526904,0.122668771,0.282003643
372,11290129,보문동7가,Bomun-dong 7(chil)-ga,37.5796096,127.0223212,0.11772712,0.11136744,0.142601004,0.192255675
375,11290130,보문동1가,Bomun-dong 1(il)-ga,37.5864995,127.0196089,0.118340651,0.11852241,0.140399253,0.196704505
377,11530107,개봉동,Gaebong-dong,37.4946532,126.8517611,0.073013606,0.184182489,0.082992635,0.358512123
378,11545102,독산동,Doksan-dong,37.4663645,126.8975779,0.066873205,0.136575084,0.107831751,0.317524332
379,11590102,상도동,Sangdo-dong,37.4996854,126.9455504,0.04356429,0.093786643,0.098224526,0.264738729
380,11290138,장위동,Jangwi-dong,37.6160358,127.0503365,0.159767982,0.148055474,0.175864528,0.179360007
381,11500104,가양동,Gayang-dong,37.567984,126.844436,0.079852624,0.214026631,0.035766947,0.365810639
383,11620101,봉천동,Bongcheon-dong,37.4750363,126.9490874,0.065354628,0.085265861,0.11972414,0.265337634
384,11500111,과해동,Gwahae-dong,37.5662169,126.7883549,0.131623991,0.264351695,0.09176289,0.42149585
386,11290102,성북동1가,Seongbuk-dong 1(il)-ga,37.5895393,127.0040328,0.106490868,0.124366078,0.125278939,0.21251248
393,11680105,삼성동,Samseong-dong,37.5147968,127.0550895,0.140862594,0.050483379,0.184534824,0.154191347
304,11230101,신설동,Sinseol-dong,37.5748049,127.0255929,0.11885516,0.106278338,0.145721602,0.187919877
305,11410107,옥천동,Okcheon-dong,37.5692019,126.9591256,0.058325777,0.125268313,0.079318327,0.252143832
306,11170103,용산동4가,Yongsan-dong 4(sa)-ga,37.5305892,126.9858834,0.070735031,0.078338969,0.114068915,0.222516623
307,11170106,용산동1가,Yongsan-dong 1(il)-ga,37.5402662,126.976971,0.062529276,0.091458016,0.102370505,0.23160302
308,11410113,대신동,Daesin-dong,37.5646453,126.9439073,0.044346309,0.13157904,0.064530381,0.266589892
309,11680103,개포동,Gaepo-dong,37.4824461,127.0627322,0.155330031,0.031660643,0.20392356,0.153629437
310,11140155,을지로3가,Euljiro 3(sam)-ga,37.5665987,126.9924032,0.085108551,0.106263939,0.112684402,0.218866915
312,11170133,서빙고동,Seobinggo-dong,37.5191265,126.991401,0.077153745,0.065965773,0.123731429,0.217337183
313,11215107,화양동,Hwayang-dong,37.5435023,127.0736981,0.159050111,0.084472568,0.196004288,0.135255715
336,11440113,구수동,Gusu-dong,37.5460069,126.932338,0.022891982,0.127717315,0.058869378,0.276454388
347,11710103,풍납동,Pungnap-dong,37.5335451,127.1132241,0.198092921,0.102170178,0.236606249,0.095202232
349,11560112,당산동2가,Dangsan-dong 2(i)-ga,37.5224645,126.8938151,0.022936666,0.150202003,0.052164576,0.314706945
361,11710114,마천동,Macheon-dong,37.497466,127.151561,0.238762777,0.120862612,0.281909078,0.066127627
367,11740105,길동,Gil-dong,37.5397058,127.1470066,0.232025215,0.133262288,0.269154868,0.06197008
277,11140166,서소문동,Seosomun-dong,37.5629167,126.9739582,0.066965361,0.111648678,0.094583179,0.236567923
278,11530111,천왕동,Cheonwang-dong,37.4801779,126.8394452,0.091118492,0.195012923,0.101006312,0.372473752
280,11350104,하계동,Hagye-dong,37.638495,127.071507,0.189808036,0.173694216,0.202590684,0.173890503
281,11170108,서계동,Seogye-dong,37.5526054,126.9665239,0.05577657,0.107620639,0.088945638,0.242814784
282,11110187,무악동,Muak-dong,37.5767914,126.9582275,0.062951404,0.131940206,0.078446447,0.254280403
283,11170116,청암동,Cheongam-dong,37.5342588,126.9468778,0.031907351,0.109035047,0.077254898,0.261538347
284,11560130,양평동6가,Yangpyeong-dong 6(yuk)-ga,37.5427197,126.8894307,0.028309364,0.162455119,0.031496342,0.319173949
287,11710112,오금동,Ogeum-dong,37.5037347,127.1339176,0.220447277,0.105702944,0.263235817,0.079406179
288,11200104,도선동,Doseon-dong,37.5634228,127.0332231,0.122474513,0.094557149,0.153619606,0.178103297
328,11680115,수서동,Suseo-dong,37.4855136,127.0984643,0.188847387,0.066452326,0.235338152,0.119074503
332,11440117,신정동,Sinjeong-dong,37.5432644,126.9306672,0.019849177,0.12743264,0.058713257,0.277990939
333,11560116,당산동6가,Dangsan-dong 6(yuk)-ga,37.5347504,126.9031693,0.012586951,0.146597858,0.044552687,0.305249611
334,11560125,양평동1가,Yangpyeong-dong 1(il)-ga,37.5231837,126.8886735,0.027573689,0.155266131,0.050324462,0.319827589
335,11290118,동선동3가,Dongseon-dong 3(sam)-ga,37.5941547,127.0204848,0.122875165,0.126025583,0.142221047,0.198158994
337,11680107,신사동,Sinsa-dong,37.522901,127.0246548,0.109796687,0.054855523,0.153105954,0.18393442
338,11290123,안암동3가,Anam-dong 3(sam)-ga,37.5839528,127.0236728,0.120802683,0.115556929,0.144223725,0.192093411
339,11560123,문래동5가,Mullae-dong 5(o)-ga,37.5163676,126.8835197,0.034803084,0.1579224,0.056484401,0.325220636
340,11560101,영등포동,Yeongdeungpo-dong,37.5134157,126.9067835,0.019371702,0.134912751,0.065132594,0.302143131
341,11380107,응암동,Eungam-dong,37.5926842,126.9257984,0.062707097,0.164516539,0.050059156,0.289198098
342,11710102,신천동,Sincheon-dong,37.5250784,127.0921991,0.17714539,0.080817106,0.217595965,0.116364421
343,11590106,동작동,Dongjak-dong,37.4999089,126.9736767,0.066220815,0.067955977,0.118744837,0.236807307
344,11590107,사당동,Sadang-dong,37.4851779,126.9717959,0.072789316,0.064432039,0.126939653,0.241049695
345,11290139,석관동,Seokgwan-dong,37.6079392,127.0611739,0.165106508,0.141674327,0.184674412,0.165994929
346,11500102,등촌동,Deungchon-dong,37.5519877,126.8527941,0.06582804,0.199477469,0.034123621,0.356208249
348,11560109,영등포동8가,Yeongdeungpo-dong 8(pal)-ga,37.5290851,126.9050149,0.010293223,0.142466022,0.050366411,0.303391924
314,11440123,망원동,Mangwon-dong,37.5559402,126.8999194,0.029318142,0.159980327,0.026141967,0.309464987
315,11110111,옥인동,Ogin-dong,37.5835524,126.9641935,0.071964589,0.134324856,0.084998651,0.249740672
316,11110112,체부동,Chebu-dong,37.5778624,126.9710381,0.073008121,0.125936218,0.091296197,0.241891727
317,11740108,성내동,Seongnae-dong,37.5304064,127.1288442,0.213695743,0.11294914,0.25253098,0.079559422
320,11560120,문래동2가,Mullae-dong 2(i)-ga,37.5127162,126.8935375,0.028235992,0.147270976,0.061551765,0.315407332
321,11560124,문래동6가,Mullae-dong 6(yuk)-ga,37.5200428,126.8841712,0.032821372,0.158449668,0.05286616,0.324421919
322,11560104,영등포동3가,Yeongdeungpo-dong 3(sam)-ga,37.5181304,126.9083998,0.014432881,0.135035811,0.061601129,0.300286549
323,11440103,신공덕동,Singongdeok-dong,37.5443996,126.9556064,0.04265401,0.108952633,0.080848462,0.253133646
324,11440104,도화동,Dohwa-dong,37.5395606,126.9506254,0.036521075,0.109408314,0.078131962,0.257907081
325,11710101,잠실동,Jamsil-dong,37.5111559,127.0858092,0.171797147,0.066774524,0.214933361,0.124227995
327,11680114,일원동,Irwon-dong,37.487919,127.0852156,0.175410899,0.054521582,0.222157598,0.130586902
354,11440109,염리동,Yeomni-dong,37.5492254,126.9472146,0.036938638,0.11836924,0.071315087,0.261801266
355,11740102,고덕동,Godeok-dong,37.5655385,127.1576823,0.244996038,0.156875651,0.277889499,0.061212131
356,11740106,둔촌동,Dunchon-dong,37.5289353,127.1467424,0.231601632,0.127629906,0.270426981,0.061700561
357,11560118,도림동,Dorim-dong,37.5082421,126.9015397,0.026420633,0.138312508,0.068030999,0.307721689
358,11740109,천호동,Cheonho-dong,37.5431857,127.1265643,0.211772667,0.11860406,0.248441834,0.082698519
359,11440120,서교동,Seogyo-dong,37.5536496,126.9200803,0.023289658,0.142108813,0.044495328,0.289186424
360,11290101,성북동,Seongbuk-dong,37.5963213,126.9925431,0.101347735,0.134064552,0.115099677,0.225446716
363,11740103,상일동,Sangil-dong,37.5508013,127.1698689,0.255497098,0.158549005,0.290811227,0.043200402
364,11440114,창전동,Changjeon-dong,37.5498986,126.9290709,0.023563154,0.132676481,0.054227812,0.279948988
365,11410114,신촌동,Sinchon-dong,37.5651557,126.9433451,0.044376743,0.132336065,0.063910118,0.267211933
366,11410117,연희동,Yeonhui-dong,37.5725293,126.9312648,0.044651057,0.146035954,0.051379212,0.28018956
368,11440110,노고산동,Nogosan-dong,37.5540256,126.9382447,0.032691893,0.128239881,0.061284415,0.271111483
369,11290120,동선동5가,Dongseon-dong 5(o)-ga,37.5963264,127.0168843,0.12096386,0.128617837,0.139014706,0.202264669
370,11290121,안암동1가,Anam-dong 1(il)-ga,37.5887176,127.0222897,0.121751354,0.120431059,0.143297792,0.194775737
350,11440101,아현동,Ahyeon-dong,37.554422,126.9559626,0.047112621,0.115884801,0.078249697,0.253496408
351,11560133,대림동,Daerim-dong,37.4970578,126.9009236,0.036699379,0.13615615,0.078546924,0.309372245
352,11710113,거여동,Geoyeo-dong,37.4893748,127.1470227,0.23556052,0.114739743,0.279840918,0.074308514
353,11440102,공덕동,Gongdeok-dong,37.5473874,126.9555575,0.043647189,0.11107934,0.079803989,0.253355063
362,11740101,명일동,Myeongil-dong,37.5485893,127.151755,0.237267223,0.142094361,0.272939129,0.059234355
411,11680110,압구정동,Apgujeong-dong,37.52883,127.0295045,0.114374017,0.060138148,0.15592737,0.178911057
414,11710104,송파동,Songpa-dong,37.5049182,127.1138534,0.200394284,0.087494533,0.243597748,0.098147703
420,11560102,영등포동1가,Yeongdeungpo-dong 1(il)-ga,37.517729,126.9126708,0.013390323,0.130918063,0.064035171,0.296037775
428,11560129,양평동5가,Yangpyeong-dong 5(o)-ga,37.5389197,126.8929394,0.023617251,0.157612645,0.036247286,0.315552482
431,11290106,동소문동3가,Dongsomun-dong 3(sam)-ga,37.5903924,127.0116169,0.113343854,0.123590183,0.132909043,0.205473508
436,11290115,삼선동5가,Samseon-dong 5(o)-ga,37.5885476,127.016002,0.116172101,0.121042771,0.137031397,0.200743659
443,11110109,누상동,Nusang-dong,37.5802364,126.9623723,0.068303035,0.132482612,0.082826691,0.25085341
446,11290108,동소문동5가,Dongsomun-dong 5(o)-ga,37.5915119,127.0150675,0.11687157,0.124114522,0.136479339,0.202501551
452,11290113,삼선동3가,Samseon-dong 3(sam)-ga,37.5867502,127.0134419,0.113057859,0.119681824,0.134289256,0.202699258
458,11380109,신사동,Sinsa-dong,37.5959208,126.9074632,0.065485392,0.179405641,0.036028923,0.307803277
463,11290105,동소문동2가,Dongsomun-dong 2(i)-ga,37.5888166,127.0081299,0.109549854,0.122732196,0.129248272,0.208374697
397,11710107,가락동,Garak-dong,37.4942803,127.1176311,0.205764731,0.087281825,0.250355492,0.098013294
398,11440111,신수동,Sinsu-dong,37.5480088,126.9372619,0.027966089,0.125085485,0.062477027,0.271653668
399,11560119,문래동1가,Mullae-dong 1(il)-ga,37.5118742,126.8975738,0.02589232,0.143167584,0.063378981,0.311429397
400,11560115,당산동5가,Dangsan-dong 5(o)-ga,37.5321286,126.90101,0.014193323,0.147385837,0.045772296,0.307390216
401,11560107,영등포동6가,Yeongdeungpo-dong 6(yuk)-ga,37.5222528,126.9030388,0.014873588,0.141543725,0.055538317,0.305493132
402,11560108,영등포동7가,Yeongdeungpo-dong 7(chil)-ga,37.5242607,126.9071884,0.010358198,0.138500179,0.055634331,0.301292004
403,11710106,삼전동,Samjeon-dong,37.5018103,127.0897698,0.177025242,0.064659498,0.2215435,0.12223096
404,11440126,중동,Jung-dong,37.5716735,126.9067456,0.041642216,0.163692837,0.026880567,0.304347994
405,11560105,영등포동4가,Yeongdeungpo-dong 4(sa)-ga,37.517862,126.9038985,0.017211927,0.139141869,0.059896964,0.304795289
406,11620103,남현동,Namhyeon-dong,37.4630565,126.9776244,0.092218697,0.05680387,0.146908707,0.240643261
407,11440124,연남동,Yeonnam-dong,37.5626693,126.9223734,0.032592069,0.145903551,0.043663457,0.287744569
408,11440121,동교동,Donggyo-dong,37.5580953,126.9258049,0.029219606,0.140340591,0.048196122,0.28386501
409,11440122,합정동,Hapjeong-dong,37.5478042,126.9079929,0.018367569,0.148799113,0.037570502,0.300861103
371,11290128,보문동6가,Bomun-dong 6(yuk)-ga,37.5806329,127.0192949,0.115416305,0.112743186,0.13963244,0.195442188
373,11290132,보문동3가,Bomun-dong 3(sam)-ga,37.584334,127.016517,0.114594705,0.116799628,0.137122452,0.199085727
374,11290124,안암동4가,Anam-dong 4(sa)-ga,37.5805404,127.0246072,0.120193421,0.112075697,0.144931536,0.190282919
376,11680101,역삼동,Yeoksam-dong,37.4998676,127.0386901,0.127376091,0.031331226,0.174723782,0.172588657
382,11560126,양평동2가,Yangpyeong-dong 2(i)-ga,37.5233387,126.8839345,0.032114435,0.159767104,0.049561929,0.324561276
385,11380106,대조동,Daejo-dong,37.6126506,126.9243912,0.082283297,0.180874169,0.059782673,0.295439011
387,11290107,동소문동4가,Dongsomun-dong 4(sa)-ga,37.5918678,127.0106029,0.113269515,0.125227726,0.132109697,0.206872226
388,11290114,삼선동4가,Samseon-dong 4(sa)-ga,37.5898185,127.013353,0.114528728,0.122720102,0.134555885,0.203645701
389,11680118,도곡동,Dogok-dong,37.4881299,127.0440333,0.135791818,0.021656849,0.18466824,0.169931262
390,11560103,영등포동2가,Yeongdeungpo-dong 2(i)-ga,37.5208906,126.9126698,0.010300216,0.132131461,0.061340194,0.29591108
391,11440115,상수동,Sangsu-dong,37.5470257,126.9243736,0.018588131,0.134739678,0.051382046,0.284462404
392,11740107,암사동,Amsa-dong,37.5577912,127.1295091,0.216041743,0.130399971,0.250070009,0.083230455
394,11680106,대치동,Daechi-dong,37.4989487,127.0646582,0.152882699,0.042856729,0.198960257,0.147328532
395,11290119,동선동4가,Dongseon-dong 4(sa)-ga,37.5951321,127.0188307,0.121972125,0.127185638,0.140738267,0.200038183
396,11680113,율현동,Yulhyeon-dong,37.4717408,127.1114701,0.205037474,0.077393363,0.252648024,0.11374631
421,11440127,상암동,Sangam-dong,37.5715459,126.877877,0.055156748,0.186968822,0.002334532,0.332967602
422,11470103,신월동,Sinwol-dong,37.5290519,126.8370637,0.078106884,0.206050935,0.061171583,0.371341889
423,11560111,당산동1가,Dangsan-dong 1(il)-ga,37.5214443,126.898537,0.019108689,0.145428741,0.054576512,0.310017557
424,11590101,노량진동,Noryangjin-dong,37.5115,126.9415118,0.032724483,0.101958069,0.086876144,0.267617999
425,11590103,상도1동,Sangdo 1(il)-dong,37.5032399,126.9498621,0.044378111,0.091007522,0.098621618,0.2600513
426,11290112,삼선동2가,Samseon-dong 2(i)-ga,37.5848587,127.0118856,0.110773671,0.118102463,0.13255519,0.203690717
427,11440108,대흥동,Daeheung-dong,37.5498968,126.9427567,0.033518944,0.122124618,0.066890271,0.266294973
429,11560121,문래동3가,Mullae-dong 3(sam)-ga,37.5171092,126.8959575,0.023625601,0.146351154,0.057900974,0.312761969
430,11560128,양평동4가,Yangpyeong-dong 4(sa)-ga,37.536431,126.8962332,0.019711224,0.153557859,0.039814713,0.312208559
432,11290134,길음동,Gireum-dong,37.6084879,127.0223924,0.132374058,0.140110418,0.146922918,0.201400064
433,11560114,당산동4가,Dangsan-dong 4(sa)-ga,37.5291366,126.8991344,0.016110084,0.147837326,0.047658382,0.309271917
438,11590104,본동,Bon-dong,37.5124878,126.9551132,0.043996644,0.09025612,0.096378715,0.253980791
434,11500107,외발산동,Oebalsan-dong,37.5495179,126.8203066,0.096654819,0.22852687,0.063943245,0.388521448
435,11590105,흑석동,Heukseok-dong,37.5052783,126.9638232,0.055000313,0.079174557,0.107684075,0.245952391
437,11500106,내발산동,Naebalsan-dong,37.5536081,126.8346843,0.08361083,0.21670056,0.049081891,0.374382072
410,11560110,여의도동,Yeouido-dong,37.5284328,126.9273753,0.012470382,0.122246853,0.064945504,0.281037961
412,11380101,수색동,Susaek-dong,37.5849864,126.8928476,0.058514864,0.182876283,0.017835355,0.320091834
413,11290104,동소문동1가,Dongsomun-dong 1(il)-ga,37.5901376,127.007256,0.109518101,0.124209672,0.128553364,0.209581982
415,11290122,안암동2가,Anam-dong 2(i)-ga,37.5868415,127.0232695,0.121740859,0.118470356,0.144075749,0.193291982
418,11290111,삼선동1가,Samseon-dong 1(il)-ga,37.5843841,127.0075165,0.10674075,0.118540228,0.128161016,0.207787208
416,11500101,염창동,Yeomchang-dong,37.5559718,126.8712408,0.050568044,0.184714956,0.018861187,0.338062313
417,11530109,궁동,Gung-dong,37.5009522,126.8286614,0.091521894,0.2079582,0.08818577,0.380945469
419,11290135,종암동,Jongam-dong,37.596525,127.0332811,0.13514218,0.127657823,0.15522893,0.186883057
448,11380104,갈현동,Galhyeon-dong,37.6210985,126.9132641,0.09023019,0.194376135,0.058763302,0.308504208
449,11530110,온수동,Onsu-dong,37.4936808,126.8204193,0.101774711,0.215146088,0.09892348,0.389795773
450,11380102,녹번동,Nokbeon-dong,37.6041196,126.9344912,0.075742907,0.167989121,0.06298191,0.283431511
451,11380103,불광동,Bulgwang-dong,37.6191932,126.935134,0.090538437,0.179992423,0.072185219,0.287063241
453,11680104,청담동,Cheongdam-dong,37.5255867,127.0522746,0.137228036,0.059548388,0.178719869,0.15622759
454,11290116,동선동1가,Dongseon-dong 1(il)-ga,37.5924569,127.0182087,0.12005012,0.124608225,0.13972159,0.199792195
455,11380110,증산동,Jeungsan-dong,37.583179,126.9061068,0.053067034,0.171628923,0.028224236,0.30671769
456,11380105,구산동,Gusan-dong,37.6122006,126.9088192,0.0815586,0.190385024,0.048935301,0.310320463
457,11380108,역촌동,Yeokchon-dong,37.60508,126.9121446,0.074252807,0.182848576,0.045681685,0.305312088
459,11290110,동소문동7가,Dongsomun-dong 7(chil)-ga,37.5963137,127.0142973,0.118789341,0.128977644,0.136463741,0.20471183
460,11410116,창천동,Changcheon-dong,37.558812,126.934147,0.033773862,0.134484808,0.056018801,0.275632095
461,11290136,하월곡동,Hawolgok-dong,37.6041679,127.0378885,0.142950791,0.135350094,0.161098781,0.185442199
462,11290137,상월곡동,Sangwolgok-dong,37.6060556,127.0475388,0.152240688,0.137839344,0.170931927,0.177397259
464,11170107,동자동,Dongja-dong,37.5515203,126.9729154,0.061340433,0.10285086,0.095417675,0.236353218
465,11710111,방이동,Bangi-dong,37.5163579,127.1260688,0.211419691,0.103478711,0.252555634,0.083668714
466,11200106,사근동,Sageun-dong,37.5589469,127.046752,0.134560958,0.090956928,0.167434685,0.164000291
467,11305103,수유동,Suyu-dong,37.6371315,127.007544,0.140799564,0.1703489,0.142980678,0.227047701
439,11500103,화곡동,Hwagok-dong,37.5421699,126.8468431,0.069231331,0.20112001,0.04501176,0.361720344
440,11590108,대방동,Daebang-dong,37.5067515,126.9277454,0.027225722,0.112927814,0.081512848,0.281722036
441,11590109,신대방동,Sindaebang-dong,37.4921384,126.9166599,0.038779045,0.119752423,0.088589681,0.294351007
442,11290125,안암동5가,Anam-dong 5(o)-ga,37.5884384,127.0295868,0.128093944,0.119654682,0.150522179,0.187730431
447,11290109,동소문동6가,Dongsomun-dong 6(yuk)-ga,37.5936325,127.0140286,0.117106992,0.126371467,0.135760608,0.204131532
444,11380114,진관동,Jingwan-dong,37.6422519,126.934085,0.11296234,0.200175636,0.088148346,0.295916347
445,11500113,오쇠동,Osoe-dong,37.5435569,126.7978763,0.117955022,0.247778013,0.087045692,0.410706711
